# id,cle MSI_*  --  extrait de g_MsgStringSymbolNames (0x0104F0A8) de l'exe VANILLA 20250716.
# 4355 entrees (0..4354). C'est CETTE table qui donne l'id d'une cle, PAS le numero
# de ligne de data\msgstringtable.csv : le csv livre a 4360 lignes et diverge des l'id 4075.
# Genere par tools/lang/gen_msgstring.py --ids (dump IDA).
0,MSI_DO_YOU_AGREE
1,MSI_SERVER_CONNECTION_FAILED
2,MSI_UNABLE_TO_CONNECT_SERVER
3,MSI_BANNED
4,MSI_SERVER_OFF
5,MSI_DOUBLE_LOGIN_PROHIBITED
6,MSI_INCORRECT_USERID
7,MSI_INCORRECT_PASSWORD
8,MSI_ID_EXPIRED
9,MSI_ACCESS_DENIED
10,MSI_CHARACTER_NAME_ALREADY_EXISTS
11,MSI_CHARACTER_CREATION_DENIED
12,MSI_CANNOT_DELETE_CHARACTER
13,MSI_ENTER_ROOM_TITLE
14,MSI_BAD_SENTANGE
15,MSI_ENTER_PASSWORD
16,MSI_Enter_Password_more_than_4_char
17,MSI_DO_YOU_REALLY_WANT_TO_QUIT
18,MSI_NAME_MUST_EXCEED_4_CHAR
19,MSI_DELETE_CHARACTER
20,MSI_BAD_NAME
21,MSI_ENTER_NAME_MORE_THAN_4_CHAR
22,MSI_LIST_COMMAND
23,MSI_EFFECT_ON
24,MSI_EFFECT_OFF
25,MSI_VOLUME_OF_SOUND
26,MSI_VOLUME_OF_BGM
27,MSI_SOUND_ON
28,MSI_SOUND_OFF
29,MSI_FRAME_SKIP_ON
30,MSI_FRAME_SKIP_OFF
31,MSI_BGM_ON
32,MSI_BGM_OFF
33,MSI_EXPLAIN_HELP
34,MSI_EXPLAIN_WHO
35,MSI_EXPLAIN_MUSIC
36,MSI_EXPLAIN_SOUND
37,MSI_EXPLAIN_EFFECT
38,MSI_EXPLAIN_POS
39,MSI_EXPLAIN_FRAMESKIP
40,MSI_EXPLAIN_SOUNDVOLUME
41,MSI_EXPLAIN_BGMVOLUME
42,MSI_EXPLAIN_SAYISOLATION
43,MSI_EXPLAIN_LIST_SAYISOLATION_CHAR
44,MSI_EXPLAIN_SAY_PERMIT
45,MSI_EXPLAIN_SAY_PERMITALL
46,MSI_EXPLAIN_SAY_ISOLATEALL
47,MSI_EXPLAIN_TIP1
48,MSI_EXPLAIN_TIP2
49,MSI_NO_SAME_SENTANCE
50,MSI_NO_SEND_BECAUSE_INSULT
51,MSI_CAN_DRAG_ITEM_OLNY_ONETIME
52,MSI_CANT_GET_ITEM_BECAUSE_WEIGHT
53,MSI_CANT_GET_ITEM
54,MSI_DEAL_SECCESS
55,MSI_INSUFFICIENT_MONEY
56,MSI_OVER_WEIGHT
57,MSI_DEAL_FAIL
58,MSI_REFUSE_HEAR_ALL
59,MSI_REQ_REFUSE_HEAR_ALL_FAIL
60,MSI_HEAR_ALL
61,MSI_REQ_HEAR_ALL_FAIL
62,MSI_NO_REFUSE_HEAR_LIST
63,MSI_REFUSE_HEAR_LIST
64,MSI_ROOM_IS_MADE
65,MSI_TOO_MANY_ROOM
66,MSI_SAME_ROOM_TITLE
67,MSI_TOO_MANY_PEOPLE_IN_ROOM
68,MSI_YOU_HAVE_BANNED_FROM_THE_ROOM
69,MSI_REJECT_DEAL
70,MSI_TOO_FAR_TO_DEAL
71,MSI_CHARACTER_IS_NOT_EXIST
72,MSI_CHARACTER_IS_DEALING
73,MSI_CHARACTER_IS_OVER_WEIGHT
74,MSI_DEAL_IS_CANCELED
75,MSI_DEAL_SUCCESS
76,MSI_DEAL_FAILED
77,MSI_PARTY_MAKE_SUCCEED
78,MSI_SAME_PARTY_NAME
79,MSI_YOU_ARE_ALREADY_IN_PARTY
80,MSI_CHARACTER_IS_ALREADY_IN_PARTY
81,MSI_CHARACTER_REJECT_JOIN
82,MSI_CHARACTER_ACCEPT_JOIN
83,MSI_TOO_MANY_PEOPLE_IN_PARTY
84,MSI_YOU_LEAVE_FROM_PARTY
85,MSI_SEND_TO_ALL
86,MSI_SEND_TO_PARTY
87,MSI_REQ_DEAL_WITH
88,MSI_REQ_JOIN_PARTY
89,MSI_ROOM_PRIVATE
90,MSI_ROOM_PUBLIC
91,MSI_RESTART_MSG
92,MSI_SELECT_DEAL_TYPE
93,MSI_SUGGEST_DEAL
94,MSI_SUGGEST_JOIN_PARTY
95,MSI_INVALID_COMMAND
96,MSI_LEAVE_PARTY
97,MSI_EXPEL
98,MSI_MSG
99,MSI_1ON1
100,MSI_CHARACTER_INFO
101,MSI_PARTY_SETTING
102,MSI_FRIEND
103,MSI_PARTY
104,MSI_EQUIPED_ITEM
105,MSI_STATUS
106,MSI_ITEM
107,MSI_EXPLAIN_PARTY
108,MSI_EXPLAIN_TIP3
109,MSI_RESTORE
110,MSI_ATTACK
111,MSI_SUPPORT
112,MSI_ALL
113,MSI_WEAPON
114,MSI_DEFENCE
115,MSI_WATER
116,MSI_EARTH
117,MSI_FIRE
118,MSI_WIND
119,MSI_EQUIPITEM_OLNY_ONE
120,MSI_ONLY_16BIT_WHEN_WINDOWMODE
121,MSI_PLEASE_BE_PATIENT
122,MSI_WAITING_RESPONSE_FROM_SERVER
123,MSI_MAKING_CHARACTER
124,MSI_DELETING_CHARACTER
125,MSI_MAKING_ROOM
126,MSI_CHANGE_ROOM_SETTING
127,MSI_BAN
128,MSI_GIVE_GIVE_ROOM_POWER
129,MSI_SEE_INFORMATION_OF_CHARACTER
130,MSI_CHAT_ROOM
131,MSI_COUNT_UNIT_OF_PEOPLE
132,MSI_EXPLAIN_SIT
133,MSI_EXPLAIN_STAND
134,MSI_EXPLAIN_MAKE_CHAT
135,MSI_EXPLAIN_EXIT_CHAT_ROOM
136,MSI_EXPLAIN_DEAL
137,MSI_EXPLAIN_ORGANIZE_PARTY
138,MSI_EXPLAIN_LEAVE_PARTY
139,MSI_EXPLAIN_EXPEL_PARTY_MEMBER
140,MSI_EXPLAIN_TIP4
141,MSI_EXPLAIN_TIP5
142,MSI_EXPLAIN_TIP6
143,MSI_YOU_RECEIVE_MVP_ITEM
144,MSI_YOU_RECEIVE_MVP_ITEM2
145,MSI_YOU_RECEIVE_MVP_EXP
146,MSI_YOU_RECEIVE_MVP_EXP2
147,MSI_YOU_THROW_MVPITEM
148,MSI_NOT_EXIST_CHARACTER
149,MSI_NO_RECEIVE_MODE
150,MSI_NO_RECEIVE_MODE_FOR_ALL
151,MSI_SUCCESS_DISCONNECT_CHARACTER
152,MSI_FAIL_DISCONNECT_CHARACTER
153,MSI_GET_ITEM
154,MSI_EXPLAIN_TIP7
155,MSI_EXPLAIN_TIP8
156,MSI_EXPLAIN_TIP9
157,MSI_EXPLAIN_TIP10
158,MSI_EXPLAIN_TIP11
159,MSI_NOT_ENOUGH_SKILLLEVE1
160,MSI_NOT_ENOUGH_SKILLLEVE2
161,MSI_NOT_ENOUGH_SKILLLEVE3
162,MSI_NOT_ENOUGH_SKILLLEVE4
163,MSI_NOT_ENOUGH_SKILLLEVE5
164,MSI_NOT_ENOUGH_SKILLLEVE6
165,MSI_NOT_ENOUGH_SKILLLEVE7
166,MSI_ITEMS_FOR_BUY
167,MSI_ITEM_STORE
168,MSI_ITEMS_FOR_SELL
169,MSI_ITEMS_THAT_IS_STORED
170,MSI_ITEM_IS_EQUIPED
171,MSI_ITEM_IS_REMOVED
172,MSI_ADD_TO_WHISPER_CHAR_LIST
173,MSI_EXPLAIN_TIP12
174,MSI_TIPOFTHEDAY
175,MSI_DIDYOUKNOW
176,MSI_SHOWTIPSATSTARTUP
177,MSI_EXPLAIN_OPENTIP
178,MSI_NUMPEOPLE
179,MSI_USERGETINTHEROOM
180,MSI_USERGETOUTOFTHEROOM
181,MSI_USERGETOUTOFTHEROOMBYFORCE
182,MSI_EA
183,MSI_EA2
184,MSI_EA3
185,MSI_ITEMSYOUCANSELL
186,MSI_SHOPITEMS
187,MSI_NOWHERE
188,MSI_CLIENTTYPEMISMATCH
189,MSI_CLOSEEQUIPWND
190,MSI_ENGLISHONLY
191,MSI_NOTSUPPORTEDYET
192,MSI_NOWHISPERLIST
193,MSI_WHISPERIGNORESUCCESS
194,MSI_WHISPERIGNOREFAILED1
195,MSI_WHISPERIGNOREFAILED2
196,MSI_WHISPERNOIGNORESUCCESS
197,MSI_WHISPERNOIGNOREFAILED1
198,MSI_WHISPERNOIGNOREFAILED2
199,MSI_NO_SPACE_IN_NAME
200,MSI_ROOM_PRIVATE2
201,MSI_ROOM_PUBLIC2
202,MSI_USESKILL_FAIL_SP_INSUFFICIENT
203,MSI_USESKILL_FAIL_HP_INSUFFICIENT
204,MSI_NOT_ENOUGH_SKILLLEVE8
205,MSI_FAIL_STEAL
206,MSI_EXCHANGE
207,MSI_FAIL_POISON
208,MSI_ID_MISMATCH
209,MSI_SPEEDUP
210,MSI_SPEEDDOWN
211,MSI_EXPLAIN_TIP13
212,MSI_RANDOM_POS
213,MSI_SELECTWHERETOWARP
214,MSI_NOTENOUGHSKILLLEVEL
215,MSI_NO_STORED_PLACE_TO_WARP
216,MSI_NOWARPSKILL
217,MSI_WARPPOINTSTORED
218,MSI_CANCEL
219,MSI_SKILLINTERVAL
220,MSI_CANT_GET_ITEM_BECAUSE_COUNT
221,MSI_INSUFFICIENT_OVER_COUNT
222,MSI_MERCHANTITEM
223,MSI_CARTOFF
224,MSI_MERCHANTSHOPMAKER
225,MSI_ENTER_SHOP_TITLE
226,MSI_ITEM_MY_STORE
227,MSI_ITEM_MERCHANT_STORE
228,MSI_ITEMS_FOR_BUY_FROM_MERCHANT
229,MSI_FAIL_BUY_ITEM_FROM_MERCHANT
230,MSI_INSUFFICIENT_STOCK
231,MSI_ITEM_IS_SOLD
232,MSI_MERCHANTMIRRORITEM
233,MSI_SKILL_FAIL_MONEY
234,MSI_SELECTTARGET
235,MSI_EXPLAIN_TIP14
236,MSI_STREETSHOP
237,MSI_OPENCARTWINDOW
238,MSI_BASICINFOWND
239,MSI_USESKILL_FAIL_NOT_SUITABLE_WEAPON
240,MSI_FAIL_BUY_ITEM_FROM_MERCHANT_NO_STOCK
241,MSI_SPEEDHACK
242,MSI_ERR_ATTACK_ARROW
243,MSI_ERR_ATTACK_WEIGHT
244,MSI_ERR_SKILL_WEIGHT
245,MSI_MSG_ARROW_EQUIPMENT_SUCCESS
246,MSI_NEED_REDJAMSTONE
247,MSI_NEED_BLUEJAMSTONE
248,MSI_DESC_STR
249,MSI_DESC_AGI
250,MSI_DESC_VIT
251,MSI_DESC_INT
252,MSI_DESC_DEX
253,MSI_DESC_LUK
254,MSI_DESC_ATK
255,MSI_DESC_DEF
256,MSI_DESC_HIT
257,MSI_DESC_CRI
258,MSI_DESC_GUILD
259,MSI_DESC_POINT
260,MSI_DESC_MATK
261,MSI_DESC_MDEF
262,MSI_DESC_FLEE
263,MSI_DESC_ASPD
264,MSI_PC_OVERFLOW
265,MSI_OPTIONWND
266,MSI_ID_EMAIL_CONFIRM_NEEDED
267,MSI_INCORRECT_LOGIN_PASSWORD
268,MSI_SELECT_HAIR_STYLE
269,MSI_ATK
270,MSI_DEF
271,MSI_ATTACK_SNAP_ON
272,MSI_ATTACK_SNAP_OFF
273,MSI_SKILL_SNAP_ON
274,MSI_SKILL_SNAP_OFF
275,MSI_EXPLAIN_SNAP
276,MSI_ITEM_SNAP_ON
277,MSI_ITEM_SNAP_OFF
278,MSI_SNAP
279,MSI_CANT_GET_ITEM_OVERCOUNT_ONEITEM
280,MSI_CANT_DELETE_CHARACTER_OVER_30_LEVEL
281,MSI_FAIL_BUY_ITEM_ITEM_EXCHANGING
282,MSI_STALL_NAME
283,MSI_SKILLLIST
284,MSI_SKILLPOINT
285,MSI_USESKILL_FAIL
286,MSI_PASSIVE
287,MSI_EXPDIV1
288,MSI_EXPDIV2
289,MSI_ITEMCOLLECT1
290,MSI_ITEMCOLLECT2
291,MSI_PARTYSETTING
292,MSI_HOWEXPDIV
293,MSI_HOWITEMCOLLECT
294,MSI_ONLY_PARTYMASTER
295,MSI_NOQUESTION_ITEMCOUNT
296,MSI_CHARARATER_DELETE_COUNT
297,MSI_MAXEXCHANGE_IS_10_KIND
298,MSI_LIMIT_AGE
299,MSI_ENTER_EMAIL
300,MSI_ENTER_EMAIL_TOOLTIP
301,MSI_CANNOT_DELETE_CHARACTER_EMAIL
302,MSI_ENTER_PEOPLE_REG_NUMBER
303,MSI_CANNOT_DELETE_CHARACTER_PEOPLE_REG_NUMBER
304,MSI_CANT_SELL_OVER_15
305,MSI_UNDER_AGE
306,MSI_NO_RECOVER_OVERWEIGHT
307,MSI_NO_ATTACK_OVERWEIGHT
308,MSI_NO_RECOVER_OVERWEIGHT_RELEASED
309,MSI_NO_ATTACK_OVERWEIGHT_RELEASED
310,MSI_INVALID_VERSION
311,MSI_ITEM_IS_SOLD_OUT
312,MSI_WRITE_CHAT_TO_FILE
313,MSI_EXPLAIN_SAVE_CHAT
314,MSI_MAKEACCOUNT
315,MSI_REQ_EX_LIST
316,MSI_REQ_IN
317,MSI_MISS_EFFECT_ON
318,MSI_MISS_EFFECT_OFF
319,MSI_FIXED_CAMERA_ON
320,MSI_FIXED_CAMERA_OFF
321,MSI_EXPLAIN_CAMERA_MISS
322,MSI_SEE_INFORMATION_OF_SKILL
323,MSI_CHANGE_SKILL_NAME
324,MSI_SPRITE_RESOLUTION
325,MSI_TEXTURE_RESOLUTION
326,MSI_DETAILLEVELWND
327,MSI_GET_ZENY
328,MSI_GUILDNAME
329,MSI_GUILDLEVEL
330,MSI_GUILD_MASTER_NAME
331,MSI_GUILD_NUM_MEMBER
332,MSI_GUILD_AVG_MEMBER_LEVEL
333,MSI_GUILD_MANAGE_LAND
334,MSI_GUILD_FAIR
335,MSI_GUILD_EXP
336,MSI_GUILD_EMBLEM
337,MSI_GUILD_POINT
338,MSI_ALLY_GUILD
339,MSI_HOSTILITY_GUILD
340,MSI_GUILDINFOMANAGE
341,MSI_GUILDMEMBERMANAGE
342,MSI_GUILDPOSITIONMANAGE
343,MSI_GUILDSKILL
344,MSI_GUILDBANISHEDMEMBER
345,MSI_GUILDNOTICE
346,MSI_GUILDTOTALINFO
347,MSI_WHISPERLISTWND
348,MSI_OPENWHISPERLISTWND
349,MSI_EXPLAIN_WHISPER_LIST_WND
350,MSI_AUTOOPENWHISPERLISTWND
351,MSI_DELETE
352,MSI_DONTOPEN
353,MSI_LAST_LOGIN_TIME
354,MSI_LAST_LOGIN_IP
355,MSI_FRIEND_SETTING
356,MSI_DO_YOU_REALLY_WANT_DELETE
357,MSI_DO_YOU_REALLY_WANT_LEAVE
358,MSI_ADD_TO_FRIEND_CHAR_LIST
359,MSI_AUTOOPENWHISPERLISTWND_FRIEND
360,MSI_OPEN_1ON1_WINDOW
361,MSI_AUTOOPEN_1ON1_WINDOW
362,MSI_WHISPER_OPEN_SOUND
363,MSI_DO_YOU_REALLY_WANT_EXPEL
364,MSI_USER_LEFT_GUILD
365,MSI_REASON_LEAVE_GUILD
366,MSI_DISORGANIZE_GUILD_FAILURE
367,MSI_DISORGANIZATION_REASON
368,MSI_DELETED_ACCOUNT
369,MSI_SELLPRICE
370,MSI_BAN_GUILD
371,MSI_REASON_BAN_GUILD
372,MSI_CAN_NOT_EQUIP_ITEM
373,MSI_PARTYSETTING_CHANGE_IMPOSSIBLE
374,MSI_GUILD_MAKE_SUCCESS
375,MSI_GUILD_MAKE_ALREADY_MEMBER
376,MSI_GUILD_MAKE_GUILD_EXIST
377,MSI_SUGGEST_JOIN_GUILD
378,MSI_CHARACTER_IS_ALREADY_IN_GUILD
379,MSI_CHARACTER_REJECT_JOIN_GUILD
380,MSI_CHARACTER_ACCEPT_JOIN_GUILD
381,MSI_TOO_MANY_PEOPLE_IN_GUILD
382,MSI_REQ_JOIN_GUILD
383,MSI_NOT_ENOUGH_FOR_MANNER_POINT
384,MSI_GIVING_MANNER_POINT_SUCCESS
385,MSI_YOU_USE_TODAY_ALREADY
386,MSI_ONE_MONTH_NOT_PASSED
387,MSI_RECEIVE_PLUS_MANNER_POINT
388,MSI_RECEIVE_MINUS_MANNER_POINT
389,MSI_GIVE_PLUS_MANNER_POINT
390,MSI_GIVE_MINUS_MANNER_POINT
391,MSI_REQ_DEAL_WITH2
392,MSI_REQ_JOIN_PARTY2
393,MSI_SUGGEST_ALLY_GUILD
394,MSI_REQALLYGUILD_ALREADY_ALLIED
395,MSI_REQALLYGUILD_REJECT
396,MSI_REQALLYGUILD_ACCEPT
397,MSI_REQALLYGUILD_OVERSIZE
398,MSI_REQALLYMYGUILD_OVERSIZE
399,MSI_REQ_ALLY_GUILD
400,MSI_DISORGANIZE_GUILD_SUCCESS
401,MSI_DISORGANIZE_GUILD_INVALIDKEY
402,MSI_DISORGANIZE_GUILD_MEMBEREXIST
403,MSI_REQ_HOSTILE_GUILD
404,MSI_SELECT_HAIR_COLOR
405,MSI_GUILD_MAKE_GUILD_NONE_ITEM
406,MSI_MONSTER_INFO_WINDOW
407,MSI_NAME
408,MSI_LEVEL
409,MSI_HP
410,MSI_SIZE
411,MSI_RACETYPE
412,MSI_MDEFPOWER
413,MSI_PROPERTY
414,MSI_PROPERTY_NEUTURAL
415,MSI_PROPERTY_WATER
416,MSI_PROPERTY_EARTH
417,MSI_PROPERTY_FIRE
418,MSI_PROPERTY_WIND
419,MSI_PROPERTY_POISON
420,MSI_PROPERTY_SAINT
421,MSI_PROPERTY_DARK
422,MSI_PROPERTY_MENTAL
423,MSI_PROPERTY_UNDEAD
424,MSI_CANT_MAKE_ITEM
425,MSI_MAKE_LIST
426,MSI_MAKE_TARGET
427,MSI_REQUIRE_FOR_MAKE_TARGET
428,MSI_MAKE_TARGET_FAIL
429,MSI_MAKE_TARGET_SUCCEESS
430,MSI_MAKE_TARGET_FAIL_MSG
431,MSI_MAKE_TARGET_SUCCEESS_MSG
432,MSI_NOT_ENOUGH_LEVEL
433,MSI_TOO_HIGH_LEVEL
434,MSI_NOT_ACCEPTABLE_JOB
435,MSI_TALKBOX_WINDOW
436,MSI_TALKBOX_WINDOW_MSG
437,MSI_SEND_TO_GUILD
438,MSI_NOT_SETTLED
439,MSI_ACCOUNT_BUSY
440,MSI_INFORMATION_REMAINED
441,MSI_BIRDOFF
442,MSI_CHIKENOFF
443,MSI_SIZE_SMALL
444,MSI_SIZE_MIDDLE
445,MSI_SIZE_BIG
446,MSI_DOUBLE
447,MSI_TRIPLE
448,MSI_QUADROPLE
449,MSI_LOGIN_REFUSE_BLOCKED_UNTIL
450,MSI_MANUFACTURED_NORMAL_ITEM
451,MSI_MANUFACTURED_FIRE_ITEM
452,MSI_MANUFACTURED_ICE_ITEM
453,MSI_MANUFACTURED_WIND_ITEM
454,MSI_MANUFACTURED_EARTH_ITEM
455,MSI_ACCOUNT_ADDRESS
456,MSI_ACCOUNT_PORT
457,MSI_REGISTRATION_WEB_URL
458,MSI_BAN_USER
459,MSI_ONE_STARPIECE
460,MSI_TWO_STARPIECE
461,MSI_THREE_STARPIECE
462,MSI_GUILD_KICK_REASON
463,MSI_INCATTACKSPEED
464,MSI_DECATTACKSPEED
465,MSI_INCWEAPONATTACK
466,MSI_DECWEAPONATTACK
467,MSI_FASTPREDELAY
468,MSI_NORMALPREDELAY
469,MSI_WEAPONPROPERTYPOISON
470,MSI_WEAPONPROPERTYSAINT
471,MSI_WEAPONPROPERTYORIGINAL
472,MSI_ARMORPROPERTYSAINT
473,MSI_ARMORPROPERTYORIGINAL
474,MSI_BARRIOR
475,MSI_DISAPPEARBARRIOR
476,MSI_PERFECTDAMAGE
477,MSI_DISAPPEARPERFECTDAMAGE
478,MSI_OVERTHRUSTING
479,MSI_DISAPPEAROVERTHRUSTING
480,MSI_MAXIMIZE
481,MSI_DISAPPEARMAXIMIZE
482,MSI_SERVER_PROPERTY_NEW
483,MSI_SERVER_USER_COUNT
484,MSI_SERVER_INSPECTING
485,MSI_GUILD_MEMBER_STATUS_ONLINE
486,MSI_GUILD_MEMBER_STATUS_OFFLINE
487,MSI_GOT_EXPERIENCE_POINT
488,MSI_GOT_JOB_EXPERIENCE_POINT
489,MSI_LEFT_GUILD
490,MSI_BAN_FROM_GUILD
491,MSI_ITEM_IDENTIFY_SUCCEESS
492,MSI_ITEM_IDENTIFY_FAIL
493,MSI_ITEM_COMPOUNDING_SUCCEESS
494,MSI_ITEM_COMPOUNDING_FAIL
495,MSI_HOSTILE_GUILD_SUCCEESS
496,MSI_TOO_MANY_HOSTILE_GUILD
497,MSI_ALREADY_REGISTERED_HOSTILE_GUILD
498,MSI_ITEM_REFINING_SUCCEESS
499,MSI_ITEM_REFINING_FAIL
500,MSI_IMPOSSIBLE_TELEPORT_AREA
501,MSI_POSSIBLE_TELEPORT_AREA
502,MSI_CANT_EXIT_NOW
503,MSI_POSITION
504,MSI_JOB
505,MSI_MEMO
506,MSI_CONTRIBUTION
507,MSI_EXP_CONTIRIBUTION
508,MSI_LEAVE_GUILD
509,MSI_EXPEL_GUILD
510,MSI_GRADE
511,MSI_POSITION_NAME
512,MSI_JOIN_AUTHORITY
513,MSI_PENALTY_AUTORITY
514,MSI_CONTRIBUTION_PERCENT
515,MSI_TITLE
516,MSI_CONTENTS
517,MSI_GUILD_NAME
518,MSI_GUILD_LEVEL
519,MSI_GUILD_PEOPLE_COUNT
520,MSI_RANKING
521,MSI_ITEM_IDENTIFY
522,MSI_ITEM_COMPOUNDING
523,MSI_PLEASE_INPUT_WHY_LEAVING
524,MSI_PELASE_INPUT_WHY_EXPEL
525,MSI_PLEASE_CLOSE_STORE
526,MSI_SKILL_NAME
527,MSI_ITEM_NAME
528,MSI_SETTLE_WEB_URL
529,MSI_BAN_IP_OVERFLOW
530,MSI_BAN_PAY_OUT
531,MSI_NAMELENGTH_TOO_LONG
532,MSI_DELETE_AFTER_10_SECOND
533,MSI_BILLING_100
534,MSI_BILLING_200
535,MSI_BILLING_300
536,MSI_BILLING_400
537,MSI_BILLING_500
538,MSI_BILLING_501
539,MSI_BILLING_600
540,MSI_BILLING_700
541,MSI_BILLING_800
542,MSI_EMOTION_LIST
543,MSI_VIEW_EMOTION
544,MSI_EMOTION_SURPRISE
545,MSI_EMOTION_QUESTION
546,MSI_EMOTION_DELIGHT
547,MSI_EMOTION_THROB
548,MSI_EMOTION_BIGTHROB
549,MSI_EMOTION_SWEAT
550,MSI_EMOTION_AHA
551,MSI_EMOTION_FRET
552,MSI_EMOTION_ANGER
553,MSI_EMOTION_MONEY
554,MSI_EMOTION_THINK
555,MSI_EMOTION_THANKS
556,MSI_EMOTION_KEK
557,MSI_EMOTION_SORRY
558,MSI_EMOTION_SMILE
559,MSI_EMOTION_PROFUSELY_SWEAT
560,MSI_EMOTION_SCRATCH
561,MSI_EMOTION_BEST
562,MSI_EMOTION_STARE_ABOUT
563,MSI_EMOTION_HUK
564,MSI_EMOTION_O
565,MSI_EMOTION_X
566,MSI_EMOTION_HELP
567,MSI_EMOTION_GO
568,MSI_EMOTION_CRY
569,MSI_EMOTION_KIK
570,MSI_EMOTION_CHUP
571,MSI_EMOTION_CHUPCHUP
572,MSI_EMOTION_HNG
573,MSI_EMOTION_OK
574,MSI_SHORTCUT_LIST
575,MSI_BAN_PAY_SUSPEND
576,MSI_BAN_PAY_CHANGE
577,MSI_BAN_PAY_WRONGIP
578,MSI_BAN_PAY_PNGAMEROOM
579,MSI_BAN_OP_FORCE
580,MSI_USESKILL_FAIL_WEIGHTOVER
581,MSI_NAMELESS_USER
582,MSI_RANK_IN_TEN
583,MSI_RANK_OUT_TEN
584,MSI_PET_INFO
585,MSI_PET_HUNGRY
586,MSI_PET_FRIENDLY
587,MSI_CANT_OPEN_STORE_WHILE_CHAT
588,MSI_EA4
589,MSI_SLAIN
590,MSI_SLAINBY
591,MSI_NOT_EXIST_PET_FOOD
592,MSI_PET_FEEDING
593,MSI_PET_PERFORMANCE
594,MSI_PET_RETURN_EGG
595,MSI_PET_ACC_OFF
596,MSI_PET_SHOWINFO
597,MSI_PET_ACCESSARY
598,MSI_ITEM_EQUIPED
599,MSI_PET_EGG_LIST
600,MSI_ITEM_UNEQUIPED
601,MSI_SURE_TO_FEED_PET
602,MSI_CAN_INPUT_NUMBER_ONLY
603,MSI_CANT_SELL_UNIDENTIFIED_ITEM
604,MSI_YOU_HAVE_FREE_ITEM_ON_SHOP
605,MSI_NEW_EMOTION_LIST
606,MSI_BAN_JAPAN_REFUSE1
607,MSI_BAN_JAPAN_REFUSE2
608,MSI_ALREADY_SAME_AID_JOINED
609,MSI_SERVER_PROPERTY_ADULT
610,MSI_ENST_PROVOKE
611,MSI_DSST_PROVOKE
612,MSI_ENST_ENDURE
613,MSI_DSST_ENDURE
614,MSI_ENST_CONCENTRATION
615,MSI_DSST_CONCENTRATION
616,MSI_ENST_HIDING
617,MSI_DSST_HIDING
618,MSI_ENST_CLOAKING
619,MSI_DSST_CLOAKING
620,MSI_ENST_POISONREACT
621,MSI_DSST_POISONREACT
622,MSI_ENST_QUAGMIRE
623,MSI_DSST_QUAGMIRE
624,MSI_ENST_ANGELUS
625,MSI_DSST_ANGELUS
626,MSI_ENST_BLESSING
627,MSI_DSST_BLESSING
628,MSI_ENST_CRUCIS
629,MSI_DSST_CRUCIS
630,MSI_ENST_SLOWPOISON
631,MSI_DSST_SLOWPOISON
632,MSI_ENST_MAGNIFICAT
633,MSI_DSST_MAGNIFICAT
634,MSI_ENST_GLORIA
635,MSI_DSST_GLORIA
636,MSI_ENST_LEXAETERNA
637,MSI_DSST_LEXAETERNA
638,MSI_ENST_ADRENALINE
639,MSI_DSST_ADRENALINE
640,MSI_ENST_RIDING
641,MSI_DSST_RIDING
642,MSI_ENST_FALCON
643,MSI_DSST_FALCON
644,MSI_ENST_TRICKDEAD
645,MSI_DSST_TRICKDEAD
646,MSI_ENST_SHOUT
647,MSI_DSST_SHOUT
648,MSI_ENST_ENERGYCOAT
649,MSI_DSST_ENERGYCOAT
650,MSI_ENST_BROKENAMOR
651,MSI_DSST_BROKENAMOR
652,MSI_ENST_BROKENWEAPON
653,MSI_DSST_BROKENWEAPON
654,MSI_ENST_ILLUSION
655,MSI_DSST_ILLUSION
656,MSI_REFUSE_BLOCK_TEMPORARY
657,MSI_UNEQUIP_ARROW
658,MSI_ARROW_LIST
659,MSI_CART_LIST
660,MSI_MUST_EQUIP_CART
661,MSI_CANT_MAKE_CHAT_ROOM
662,MSI_3DAY_FREE
663,MSI_CANT_USE_WHEN_SITDOWN
664,MSI_BAD_MANNER_REMAIN
665,MSI_BAD_MANNER_END
666,MSI_REF_UNEQUIP
667,MSI_VERY_HUNGRY
668,MSI_HUNGRY
669,MSI_NORMAL
670,MSI_REPLETE
671,MSI_VERY_REPLETE
672,MSI_VERY_AWKWARD
673,MSI_AWKWARD
674,MSI_FRIENDLY
675,MSI_VERY_FRIENDLY
676,MSI_UNKNOWN
677,MSI_BILLING_DAY_HOUR_MINUTES
678,MSI_BAN_INFORMATION_REMAINED_ANOTHER_ACCOUNT
679,MSI_BILLING_HOUR_MINUTES
680,MSI_BILLING_FREE_USER
681,MSI_REFUSE_NONSAKRAY_ID_BLOCKED
682,MSI_PETNAME_IN23
683,MSI_PETNAME_CHANGE_ONLYONCE
684,MSI_NAMEBALLOON_TYPE
685,MSI_GUILDZENY_NOT_ENOUGH
686,MSI_GUILDZENY_OVER
687,MSI_MINEFFECT_ON
688,MSI_MINEFFECT_OFF
689,MSI_CAPITAL
690,MSI_OPEN_ITEMWND_TO_THROW
691,MSI_ASK_PNGAMEROOM
692,MSI_REPLY_REMAINTIME
693,MSI_INFO_REMAINTIME
694,MSI_OVER_OR_LOW_MONEY
695,MSI_PRESS_ESC_TO_RESTART
696,MSI_EA_OBTAIN
697,MSI_SPELL_LIST
698,MSI_MINEFFECT
699,MSI_DAMAGED_ITEM
700,MSI_EXPLAIN_NOSHIFT
701,MSI_NOSHIFT_ON
702,MSI_NOSHIFT_OFF
703,MSI_REFUSE_BAN_BY_DBA
704,MSI_REFUSE_EMAIL_NOT_CONFIRMED
705,MSI_REFUSE_BAN_BY_GM
706,MSI_REFUSE_TEMP_BAN_FOR_DBWORK
707,MSI_REFUSE_SELF_LOCK
708,MSI_REFUSE_NOT_PERMITTED_GROUP
709,MSI_REFUSE_WAIT_FOR_SAKRAY_ACTIVE
710,MSI_EXPLAIN_AURA
711,MSI_AURA_ON
712,MSI_AURA_OFF
713,MSI_PROHIBIT_LOG
714,MSI_PROHIBIT_LIST
715,MSI_EXPLAIN_SHOWNAMETYPE
716,MSI_EXPLAIN_NOCTRL
717,MSI_NOCTRL_ON
718,MSI_NOCTRL_OFF
719,MSI_APPEND_PROHIBIT
720,MSI_ERASE_PROHIBIT
721,MSI_REDUCE_PROHIBIT
722,MSI_SHOWNAME_ON
723,MSI_SHOWNAME_OFF
724,MSI_EXPLAIN_DORIDORI
725,MSI_BILLING_INTERNET_CAFE
726,MSI_BILLING_BOTH
727,MSI_EXPLAIN_BINGBING
728,MSI_EXPLAIN_BANGBANG
729,MSI_EXPLAIN_SKILLFAIL
730,MSI_SKILLFAIL_ON
731,MSI_SKILLFAIL_OFF
732,MSI_EXPLAIN_NOTALKMSG
733,MSI_NOTALKMSG_ON
734,MSI_NOTALKMSG_OFF
735,MSI_EXPLAIN_SET1
736,MSI_EXPLAIN_FOG
737,MSI_SUGGEST_COUPLE
738,MSI_HOWITEMDIV
739,MSI_ITEMDIV1
740,MSI_ITEMDIV2
741,MSI_KEYCRYPT
742,MSI_KEYCRYPT_INSTALL_KEYDRIVER
743,MSI_KEYCRYPT_REBOOT
744,MSI_KEYCRYPT_INSTALLFAIL
745,MSI_KEYCRYPT_SKIPKEYCRYPT
746,MSI_KEYCRYPT_NOKEYCRYPTFILE
747,MSI_KEYCRYPT_USBKEYBOARD
748,MSI_FINDHACK_PATH
749,MSI_FINDHACK_NOTINSTALLED
750,MSI_FINDHACK_HACKTOOLEXIST
751,MSI_FINDHACK_CANTDOWNLOAD
752,MSI_FINDHACK_NOFILE
753,MSI_FINDHACK_EXCEPTION
754,MSI_FINDHACK_EXITPRESSED
755,MSI_FINDHACK_UPDATEFAILED
756,MSI_NAMED_PET
757,MSI_REPORTCOMMAND_EXPLANATION
758,MSI_REPORTTEXT_HEADER
759,MSI_LOVE_SKILL
760,MSI_EXPLAIN_BRIGHT
761,MSI_EXPLAIN_ALTTAB
762,MSI_SERVER_PROPERTY_PAY
763,MSI_SERVER_PROPERTY_FREE
764,MSI_CANT_CONNECT_TO_PAY_SERVER
765,MSI_QUICKSPELL_ON
766,MSI_QUICKSPELL_OFF
767,MSI_EXPLAIN_QUICKSPELL
768,MSI_QUICKSPELL2_ON
769,MSI_QUICKSPELL2_OFF
770,MSI_EXPLAIN_QUICKSPELL2
771,MSI_EXPLAIN_QUICKSPELL3
772,MSI_EMOTION_STARE
773,MSI_EMOTION_HUNGRY
774,MSI_EMOTION_COOL
775,MSI_EMOTION_MERONG
776,MSI_EMOTION_SHY
777,MSI_EMOTION_GOODBOY
778,MSI_EMOTION_SPTIME
779,MSI_EMOTION_SEXY
780,MSI_EMOTION_COMEON
781,MSI_EMOTION_SLEEPY
782,MSI_EMOTION_CONGRATULATION
783,MSI_EMOTION_HPTIME
784,MSI_EXPLAIN_EMOTION
785,MSI_BATTLE_ON
786,MSI_BATTLE_OFF
787,MSI_EXPLAIN_BATTLE
788,MSI_EXPLAIN_BATTLE2
789,MSI_EXPLAIN_LAG
790,MSI_SUPERNOVICE1
791,MSI_SUPERNOVICE2
792,MSI_SUPERNOVICE3
793,MSI_SUPERNOVICE4
794,MSI_SUGGEST_BABY
795,MSI_EXPLAIN_BATTLE3
796,MSI_EXPLAIN_BATTLE4
797,MSI_NPGAMEMON_ERROR_AUTH_GAMEGUARD
798,MSI_NPGAMEMON_ERROR_CRYPTOAPI
799,MSI_NPGAMEMON_ERROR_EXECUTE
800,MSI_NPGAMEMON_ERROR_ILLEGAL_PRG
801,MSI_NPGMUP_ERROR_ABORT
802,MSI_NPGMUP_ERROR_CONNECT
803,MSI_NPGMUP_ERROR_AUTH
804,MSI_EXPLAIN_NOTRADE
805,MSI_NOTRADE_ON
806,MSI_NOTRADE_OFF
807,MSI_LIMIT_BUY_ITEM
808,MSI_NOT_ENOUGH_SOURCE
809,MSI_ALREADY_CONNECT
810,MSI_HACKING_INVESTIGATION
811,MSI_BUG_INVESTIGATION
812,MSI_REPAIRITEMLIST
813,MSI_ITEM_REPAIR_SUCCEESS
814,MSI_ITEM_REPAIR_FAIL
815,MSI_SYSTEM_CHECK_ON
816,MSI_SYSTEM_CHECK_OFF
817,MSI_EXPLAIN_SYSTEM_CHECK
818,MSI_SUGGEST_JOIN_FRIEND
819,MSI_FRIEND_ADD_ME_OVERSIZE
820,MSI_FRIEND_ADD_OTHER_OVERSIZE
821,MSI_FRIEND_ADD_SUCCEED
822,MSI_FRIEND_ADD_FALSE
823,MSI_BLOCKED
824,MSI_OVERPRICE
825,MSI_LITTLEUSER
826,MSI_ALITTLEUSER
827,MSI_NORMLEUSER
828,MSI_MANYUSER
829,MSI_VERYMANYUSER
830,MSI_GM_BAD_MANNER_START
831,MSI_GM_BAD_MANNER_REMAIN
832,MSI_GM_BAD_MANNER_END
833,MSI_AUTO_BAD_MANNER_START
834,MSI_AUTO_BAD_MANNER_REMAIN
835,MSI_AUTO_BAD_MANNER_END
836,MSI_DIVORCE
837,MSI_STARPLACE1
838,MSI_STARPLACE2
839,MSI_STARPLACE3
840,MSI_STARPLACE4
841,MSI_STARPLACE5
842,MSI_STARPLACE6
843,MSI_STARMONSTER1
844,MSI_STARMONSTER2
845,MSI_STARMONSTER3
846,MSI_STARMONSTER4
847,MSI_STARMONSTER5
848,MSI_STARMONSTER6
849,MSI_EXPLAIN_WINDOW
850,MSI_WINDOW_ON
851,MSI_WINDOW_OFF
852,MSI_EXPLAIN_PVP_INFO
853,MSI_PVP_INFO
854,MSI_SEND_MANNER_POINT
855,MSI_PKZONE
856,MSI_NPGAMEMON_ERROR_100ERROR
857,MSI_NPGAMEMON_XP_COMPATIBILITY
858,MSI_PK_HONOR
859,MSI_DELETING_CHAR
860,MSI_DELETING_SPOUSE_CHAR
861,MSI_NOVICE
862,MSI_SWORDMAN
863,MSI_MAGICIAN
864,MSI_ARCHER
865,MSI_ACOLYTE
866,MSI_MERCHANT
867,MSI_THIEF
868,MSI_KNIGHT
869,MSI_PRIEST
870,MSI_WIZARD
871,MSI_BLACKSMITH
872,MSI_HUNTER
873,MSI_ASSASSIN
874,MSI_NOVICE_W
875,MSI_SWORDMAN_W
876,MSI_MAGICIAN_W
877,MSI_ARCHER_W
878,MSI_ACOLYTE_W
879,MSI_MERCHANT_W
880,MSI_THIEF_W
881,MSI_KNIGHT_W
882,MSI_PRIEST_W
883,MSI_WIZARD_W
884,MSI_BLACKSMITH_W
885,MSI_HUNTER_W
886,MSI_ASSASSIN_W
887,MSI_REQ_JOIN_BABY
888,MSI_SUGGEST_BABY2
889,MSI_GOSPEL1
890,MSI_GOSPEL2
891,MSI_GOSPEL3
892,MSI_GOSPEL4
893,MSI_GOSPEL5
894,MSI_GOSPEL6
895,MSI_GOSPEL7
896,MSI_GOSPEL8
897,MSI_GOSPEL9
898,MSI_GOSPEL10
899,MSI_BABY1
900,MSI_BABY2
901,MSI_BLACKSMITH_POINT
902,MSI_ALCHEMIST_POINT
903,MSI_SUPERNOVICE11
904,MSI_SUPERNOVICE12
905,MSI_SUPERNOVICE13
906,MSI_SUPERNOVICE14
907,MSI_EXPLAIN_NOTALKMSG2
908,MSI_NOTALKMSG2_ON
909,MSI_NOTALKMSG2_OFF
910,MSI_REFINEITEMLIST
911,MSI_ITEM_REFINE_SUCCEESS
912,MSI_ITEM_REFINE_FAIL
913,MSI_ITEM_REFINE_FAIL_LEVEL
914,MSI_ITEM_REFINE_FAIL_MATERIAL
915,MSI_FULLSTRIP
916,MSI_BABY3
917,MSI_ID_WARNING
918,MSI_EXPLAIN_HI
919,MSI_ID_WARNING_GUILD
920,MSI_OVERPRICE9999
921,MSI_EXPLAIN_SACHING1
922,MSI_EXPLAIN_SACHING2
923,MSI_EXPLAIN_BLACKSMITH
924,MSI_EXPLAIN_ALCHEMIST
925,MSI_EXPLAIN_ALTY
926,MSI_TAEKWON_POINT
927,MSI_TAEKWON_MISSION
928,MSI_INIT_ERROR
929,MSI_SPEEDHACK_DETECT
930,MSI_GAMEHACK_DETECT
931,MSI_GAMEHACK_DOUBT
932,MSI_ERROR_EXIST
933,MSI_GAME_EXIST
934,MSI_ERROR_INIT
935,MSI_ERROR_NPSCAN
936,MSI_HOMUN_INFO
937,MSI_HOMUN_SKILLLIST
938,MSI_HOMUN_NAME_IN23
939,MSI_HOMUN_NAME_CHANGE_ONLYONCE
940,MSI_AUTO_MSG
941,MSI_AUTO_MSG2
942,MSI_AUTO_MSG_ON
943,MSI_AUTO_MSG_OFF
944,MSI_ENTER_AUTO_MSG
945,MSI_EMOTION_SPARK
946,MSI_EMOTION_CONFUSE
947,MSI_EMOTION_OHNO
948,MSI_EMOTION_HUM
949,MSI_EMOTION_BLABLA
950,MSI_EMOTION_OTL
951,MSI_EMOTION_DICE
952,MSI_EXPLAIN_KILLER_RANK
953,MSI_KILLER_POINT
954,MSI_HOMUN_EVOLVE
955,MSI_DELETE_HOMUN
956,MSI_TRACE_AI_ON
957,MSI_TRACE_AI_OFF
958,MSI_CRUSADER
959,MSI_MONK
960,MSI_SAGE
961,MSI_ROGUE
962,MSI_ALCHEMIST
963,MSI_BARD
964,MSI_CRUSADER_W
965,MSI_MONK_W
966,MSI_SAGE_W
967,MSI_ROGUE_W
968,MSI_ALCHEMIST_W
969,MSI_DANCER
970,MSI_NOVICE_H
971,MSI_SWORDMAN_H
972,MSI_MAGICIAN_H
973,MSI_ARCHER_H
974,MSI_ACOLYTE_H
975,MSI_MERCHANT_H
976,MSI_THIEF_H
977,MSI_NOVICE_H_W
978,MSI_SWORDMAN_H_W
979,MSI_MAGICIAN_H_W
980,MSI_ARCHER_H_W
981,MSI_ACOLYTE_H_W
982,MSI_MERCHANT_H_W
983,MSI_THIEF_H_W
984,MSI_KNIGHT_H
985,MSI_PRIEST_H
986,MSI_WIZARD_H
987,MSI_BLACKSMITH_H
988,MSI_HUNTER_H
989,MSI_ASSASSIN_H
990,MSI_KNIGHT_H_W
991,MSI_PRIEST_H_W
992,MSI_WIZARD_H_W
993,MSI_BLACKSMITH_H_W
994,MSI_HUNTER_H_W
995,MSI_ASSASSIN_H_W
996,MSI_CRUSADER_H
997,MSI_MONK_H
998,MSI_SAGE_H
999,MSI_ROGUE_H
1000,MSI_ALCHEMIST_H
1001,MSI_BARD_H
1002,MSI_CRUSADER_H_W
1003,MSI_MONK_H_W
1004,MSI_SAGE_H_W
1005,MSI_ROGUE_H_W
1006,MSI_ALCHEMIST_H_W
1007,MSI_DANCER_H
1008,MSI_STORE_PASSWORD_REQ
1009,MSI_STORE_PASSWORD_PENALTY
1010,MSI_STORE_PASSWORD_CHANGE_NG
1011,MSI_STORE_PASSWORD_4_8
1012,MSI_STORE_PASSWORD
1013,MSI_STORE_NEW_PASSWORD
1014,MSI_STORE_RENEW_PASSWORD
1015,MSI_STORE_PASSWORD_CHANGE_OK
1016,MSI_STORE_PASSWORD_MISMATCH
1017,MSI_STORE_PASSWORD_INPUT
1018,MSI_HOMUN_HUNGRY
1019,MSI_HOMUN_EXP
1020,MSI_EVENT_RESULT
1021,MSI_HATE
1022,MSI_VERYHATE
1023,MSI_HOMUN_USERAI_ON
1024,MSI_HOMUN_USERAI_OFF
1025,MSI_MAIL_LIST
1026,MSI_MAIL_WRITE
1027,MSI_MAIL_READ
1028,MSI_STARPLACE_ACCEPT
1029,MSI_MAIL_ADD_ITEM_SUCCESS
1030,MSI_MAIL_ADD_ITEM_FAILURE
1031,MSI_MAIL_SEND_SUCCESS
1032,MSI_MAIL_USER_NOT_FOUND
1033,MSI_STAR_ANGEL
1034,MSI_AUCTION_ADD_FALSE
1035,MSI_AUCTION_ADD_TRUE
1036,MSI_AUCTION_ADD_CANCEL
1037,MSI_AUCTION_ADD_CANCEL_FALSE
1038,MSI_MAIL_DELETE_SUCCESS
1039,MSI_MAIL_DELETE_FAILURE
1040,MSI_MSG_KNIFE_EQUIPMENT_SUCCESS
1041,MSI_LOGIN_FRIEND
1042,MSI_LOGOUT_FRIEND
1043,MSI_EXPLAIN_LOGINOUT
1044,MSI_LOGINOUT_ON
1045,MSI_LOGINOUT_OFF
1046,MSI_SGP_CODE_ALREADY_RUNNING
1047,MSI_SGP_CODE_DETECTED_MACRO
1048,MSI_SGP_CODE_DETECTED_SPEEDHACK
1049,MSI_SGP_CODE_DETECTED_APIHOOK
1050,MSI_SGP_CODE_DETECTED_MSGHOOK
1051,MSI_SGP_CODE_NOT_EQUALENCRYPTEDDATA
1052,MSI_BILLING_PCB
1053,MSI_PREV_PAGE
1054,MSI_NEXT_PAGE
1055,MSI_AUCTION
1056,MSI_AUCTION_VIEW
1057,MSI_AUCTION_ADD
1058,MSI_AUCTION_SELL
1059,MSI_AUCTION_BUY
1060,MSI_ITEM2
1061,MSI_ITEM_NAME2
1062,MSI_ITEM_PRICE
1063,MSI_SELLER
1064,MSI_BUYER
1065,MSI_FINISH_TIME
1066,MSI_TIME_TYPE
1067,MSI_SET_TIME
1068,MSI_CHARGE
1069,MSI_NOTHING_SEARCH_ITEM
1070,MSI_NOTHING_SEARCH_SELL_ITEM
1071,MSI_NOTHING_SEARCH_BUY_ITEM
1072,MSI_ERROR_AUCTION_ITEM_INFO
1073,MSI_NOTHING_AUCTION_ITEM_INFO
1074,MSI_ERROR_ADD_AUCTION
1075,MSI_PRICE
1076,MSI_PRICE2
1077,MSI_PRICE3
1078,MSI_PRICE4
1079,MSI_PRICE5
1080,MSI_PRICE6
1081,MSI_PRICE7
1082,MSI_BUY_ACTION_ITEM
1083,MSI_SELL_ACTION_ITEM
1084,MSI_BUY_AUCTION
1085,MSI_BUY_AUCTION2
1086,MSI_BUY_AUCTION3
1087,MSI_FINISH_AUCTION
1088,MSI_RESULT_BUY_TRUE
1089,MSI_RESULT_BUY_FALSE
1090,MSI_RESULT_BUY_FALSE_MONEY
1091,MSI_EQUIP
1092,MSI_CARD
1093,MSI_ETC
1094,MSI_AUCTION_NUM
1095,MSI_AUCTION_SEARCH
1096,MSI_RESULT_MY_SELL_STOP_TRUE
1097,MSI_RESULT_MY_SELL_STOP_FALSE
1098,MSI_RESULT_AUCTION_ID_FALSE
1099,MSI_SENDER
1100,MSI_TITLE2
1101,MSI_NEW_MAIL
1102,MSI_SEARCHING_ITEM
1103,MSI_AUCTION_ADD_OVER
1104,MSI_RESULT_BUY_OVER
1105,MSI_MAIL_DELETE_ERROR
1106,MSI_MAIL_SEND_ERROR
1107,MSI_EXPLAIN_SHOPPING
1108,MSI_SHOPPING_ON
1109,MSI_SHOPPING_OFF
1110,MSI_MAIL_SEND_ERROR2
1111,MSI_ADD_MONEY_FALSE
1112,MSI_HOMUN_SHOWINFO
1113,MSI_HOMUN_FEEDING
1114,MSI_HOMUN_WAITING
1115,MSI_JOB_SUPERNOVICE_M
1116,MSI_JOB_SUPERNOVICE_F
1117,MSI_JOB_TAEKWON_M
1118,MSI_JOB_TAEKWON_F
1119,MSI_KWONSUNG_M
1120,MSI_KWONSUNG_F
1121,MSI_SOULLINGKER_M
1122,MSI_SOULLINGKER_F
1123,MSI_BAN_PC_IP_UNFAIR
1124,MSI_BILLING_1
1125,MSI_BILLING_2
1126,MSI_MAIL_ITEM_ADD_FAILED
1127,MSI_MAIL_ADD_ITEM_OVER_FAILURE
1128,MSI_PTSEX1
1129,MSI_PTSEX2
1130,MSI_PT_NEWUSER
1131,MSI_PT_ACINFO
1132,MSI_PT_ACINFO2
1133,MSI_PT_NEWKEYINFO
1134,MSI_PT_FAIL_CARDPASS
1135,MSI_PTID1
1136,MSI_PTID2
1137,MSI_PTID3
1138,MSI_PTID4
1139,MSI_PT_ERROR_1001
1140,MSI_PT_ERROR_1002
1141,MSI_PT_ERROR_1003
1142,MSI_PT_ERROR_1004
1143,MSI_PT_ERROR_1006
1144,MSI_PT_ERROR_1007
1145,MSI_PT_ERROR_1008
1146,MSI_PT_ERROR_1009
1147,MSI_PT_ERROR_1012
1148,MSI_PT_ERROR_1013
1149,MSI_PT_ERROR_1014
1150,MSI_PT_ERROR_1015
1151,MSI_PT_ERROR_1019
1152,MSI_PT_ERROR_1020
1153,MSI_PT_ERROR_1021
1154,MSI_PT_ERROR_1023
1155,MSI_PT_ERROR_1024
1156,MSI_PT_ERROR_1025
1157,MSI_PT_ERROR_1027
1158,MSI_PT_ERROR_1028
1159,MSI_PT_ERROR_10
1160,MSI_PT_ERROR_20
1161,MSI_PT_ERROR_40
1162,MSI_PT_ERROR_50
1163,MSI_PT_ERROR_60
1164,MSI_PT_ERROR_70
1165,MSI_PT_ERROR_80
1166,MSI_PT_ERROR_90
1167,MSI_PT_ERROR_100
1168,MSI_PT_ERROR_110
1169,MSI_PT_POINT1
1170,MSI_PT_POINT2
1171,MSI_AUCTION_ADD_ITEM_FAILURE
1172,MSI_AUCTION_ADD_ITEM_FAILURE2
1173,MSI_CLOSE_MERCHANTITEMWND
1174,MSI_CLOSE_MAILWND
1175,MSI_MSG_BULLET_EQUIPMENT_SUCCESS
1176,MSI_MAIL_RETURN_SUCCESS
1177,MSI_MAIL_RETURN_FAILURE
1178,MSI_BAN_PC_IP_COUNT_ALL
1179,MSI_BAN_PC_IP_COUNT
1180,MSI_GAMEGUARD_RESTART
1181,MSI_MER_INFO_TYPE_ARCHER
1182,MSI_MER_INFO_TYPE_SWORDMAN
1183,MSI_MER_INFO_TYPE_LANCER
1184,MSI_LEFT_TIME
1185,MSI_MER_FRIENDLY
1186,MSI_MER_CALLCOUNT
1187,MSI_MER_KILL
1188,MSI_PET_STARVING
1189,MSI_GANGSI_POINT
1190,MSI_GANGSI_MISSION
1191,MSI_EXPLAIN_HUNTING
1192,MSI_DEATH_Q01
1193,MSI_DEATH_Q02
1194,MSI_DEATH_Q03
1195,MSI_DEATH_Q04
1196,MSI_DEATH_Q05
1197,MSI_DEATH_Q06
1198,MSI_DEATH_Q07
1199,MSI_DEATH_Q08
1200,MSI_DEATH_Q09
1201,MSI_DEATH_Q10
1202,MSI_DEATH_Q11
1203,MSI_DEATH_Q12
1204,MSI_DEATH_Q13
1205,MSI_DEATH_Q14
1206,MSI_DEATH_R01
1207,MSI_DEATH_R02
1208,MSI_DEATH_R05
1209,MSI_DEATH_POINT
1210,MSI_POINT_SHOP
1211,MSI_CONFIRM_SELECT_CHARACTERS
1212,MSI_ERROR_SELECT_CHARACTERS
1213,MSI_CONFIRM_TO_CHANGE_NAME
1214,MSI_CHANGE_NAME_SUCCESS
1215,MSI_CHANGE_NAME_FAILURE
1216,MSI_CAN_BUY_ONLY_ONEITEM
1217,MSI_NO_SELECT_CHARACTERS
1218,MSI_ALREADY_CHANGED_NAME
1219,MSI_NOTREGISTED_USER
1220,MSI_DUPLICATED_CHAR_NAME
1221,MSI_CANNOT_PARTYCALL
1222,MSI_NO_PARTYMEM_ON_THISMAP
1223,MSI_NOTFIND_BOSSMON
1224,MSI_APPEARANCE_TIME_OF_BOSSMON
1225,MSI_SHOW_POSITION_OF_BOSSMON
1226,MSI_CONFIRM_TO_OPEN_CASH_ITEM
1227,MSI_BUY_CASH_FAIL_NPC
1228,MSI_BUY_CASH_FAIL_SYSTEM
1229,MSI_BUY_CASH_FAIL_EXCHANGE
1230,MSI_BUY_CASH_FAIL_ITEM_ID
1231,MSI_ENST_STR
1232,MSI_DSST_STR
1233,MSI_ENST_AGI
1234,MSI_DSST_AGI
1235,MSI_ENST_VIT
1236,MSI_DSST_VIT
1237,MSI_ENST_INT
1238,MSI_DSST_INT
1239,MSI_ENST_DEX
1240,MSI_DSST_DEX
1241,MSI_ENST_LUK
1242,MSI_DSST_LUK
1243,MSI_ENST_AVOIDANCE
1244,MSI_DSST_AVOIDANCE
1245,MSI_ENST_HIT
1246,MSI_DSST_HIT
1247,MSI_ENST_CRITICALSUCCESSVALUE
1248,MSI_DSST_CRITICALSUCCESSVALUE
1249,MSI_PLUSEXP
1250,MSI_DDEATHPENALTY
1251,MSI_RECEIVEITEM
1252,MSI_BOSS_ALARM
1253,MSI_BUY_RECONFIRM
1254,MSI_BUY_CASH_FAIL_MONEY
1255,MSI_NOTICE_TO_DELETE_TIME
1256,MSI_NOTICE_TO_REMAIN_ITEMUSINGTIME
1257,MSI_LAST_NOTICE_TO_REMAIN_ITEMUSINGTIME
1258,MSI_NOTICE_TO_DELETE_ITEM
1259,MSI_INPUT_NUMBER
1260,MSI_TIME_TYPE2
1261,MSI_APPEARANCE_TIME_OF_BOSSMON2
1262,MSI_MER_SKILLLIST
1263,MSI_DA_EXP_ACCEPT
1264,MSI_COLLECTOR_POINT
1265,MSI_COLLECTOR_MISSION
1266,MSI_MER_FINISH
1267,MSI_MER_DIE
1268,MSI_MER_RETIRE
1269,MSI_MER_RUNAWAY
1270,MSI_NOTICE_TO_REMAIN_ITEMUSINGTIME2
1271,MSI_PCBANG_EVENT
1272,MSI_LIMIT_CHAR_DELETE
1273,MSI_MER_USERAI_ON
1274,MSI_MER_USERAI_OFF
1275,MSI_CHARACTER_NAME
1276,MSI_ITEM_PICKUP_PARTY
1277,MSI_VIEW_CHAT_MSG
1278,MSI_VIEW_WHISPER_MSG
1279,MSI_VIEW_PARTY_MSG
1280,MSI_VIEW_GUILD_MSG
1281,MSI_VIEW_GET_ITEM_MSG
1282,MSI_VIEW_EQUIP_MSG
1283,MSI_VIEW_CHANGE_STATUS_MSG
1284,MSI_VIEW_GET_ITEM_PARTY_MSG
1285,MSI_VIEW_CHANGE_STATUS_PARTY_MSG
1286,MSI_VIEW_FAIL_SKILL_MSG
1287,MSI_VIEW_PARTY_SETUP_MSG
1288,MSI_VIEW_DAMAGED_EQUIP_MSG
1289,MSI_BATTLE_CHAT_WND_OPTION
1290,MSI_POINT_SHOP_NHN
1291,MSI_ST_CHAT
1292,MSI_BT_CHAT
1293,MSI_PHONE_CONFIRM
1294,MSI_BOOK_READ
1295,MSI_BOOK_AUTOREAD
1296,MSI_BOOK_KEEP
1297,MSI_BOOK_PREV
1298,MSI_BOOK_NEXT
1299,MSI_BOOK_CLOSE
1300,MSI_DAMAGED_EQUIP
1301,MSI_DAMAGED_EQUIP_PARTY
1302,MSI_DAMAGED_WEAPON
1303,MSI_DAMAGED_BODY
1304,MSI_NOT_ENOUGH_SKILLLEVE5_2
1305,MSI_POINT_SHOP2
1306,MSI_USE_FREE_POINT
1307,MSI_CASH
1308,MSI_SETTLE_WEB_URL_HANGAME
1309,MSI_BAN_GRAVITY_MEM_AGREE
1310,MSI_BAN_GAME_MEM_AGREE
1311,MSI_BAN_HAN_VALID
1312,MSI_BUY_RECONFIRM2
1313,MSI_NOTIFY_PLAYTIME1
1314,MSI_NOTIFY_PLAYTIME2
1315,MSI_WARNING_MSG1
1316,MSI_WARNING_MSG2
1317,MSI_QUESTWIN
1318,MSI_RO_SHOP
1319,MSI_MDUNGEON_SUBSCRIPTION_ERROR_UNKNOWN
1320,MSI_MDUNGEON_SUBSCRIPTION_ERROR_DUPLICATE
1321,MSI_MDUNGEON_SUBSCRIPTION_ERROR_RIGHT
1322,MSI_MDUNGEON_SUBSCRIPTION_ERROR_EXIST
1323,MSI_MDUNGEON_SUBSCRIPTION_CANCEL_FAIL
1324,MSI_JOINMSG_REFUSE
1325,MSI_INVITE_PARTY_REFUSE
1326,MSI_INVITE_PARTY_ACCEPT
1327,MSI_YOURITEM_EQUIP
1328,MSI_YOURITEM_EQUIPED
1329,MSI_BUY_TO_FREE_POINT
1330,MSI_REQ_JOIN_PARTY3
1331,MSI_VIEW_SIEGE_INFO_MSG
1332,MSI_MDUNGEON_SUBSCRIPTION_CANCEL_SUCCESS
1333,MSI_MDUNGEON_CREATE_FAIL
1334,MSI_IMPOSSIBLE_SKILL_AREA
1335,MSI_IMPOSSIBLE_USEITEM_AREA
1336,MSI_MEMORIAL_DUN
1337,MSI_MEMORIAL_DUN_WAITING
1338,MSI_MEMORIAL_DUN_READY
1339,MSI_MEMORIAL_DUN_IN
1340,MSI_MEMORIAL_DUN_OUT1
1341,MSI_MEMORIAL_DUN_OUT2
1342,MSI_MEMORIAL_DUN_PRIORITY
1343,MSI_MEMORIAL_DUN_NOTIFY
1344,MSI_MEMORIAL_DUN_NOTIFY2
1345,MSI_MEMORIAL_DUN_CANCEL
1346,MSI_MEMORIAL_DUN_LIVE_TIME_OUT
1347,MSI_MEMORIAL_DUN_ENTER_TIME_OUT
1348,MSI_MEMORIAL_DUN_DESTROY_REQUEST
1349,MSI_MEMORIAL_DUN_ERROR
1350,MSI_FR_INVALID_SLOT
1351,MSI_FR_BASELVL
1352,MSI_FR_INVALID_JOBLV
1353,MSI_FR_JOB
1354,MSI_FR_MAP
1355,MSI_FR_ERR_MKCHAR_INVALID_SLOT
1356,MSI_FR_ERR_DELCHAR_INVALID_SLOT
1357,MSI_OPEN_EQUIPEDITEM_REFUSED
1358,MSI_OPEN_EQUIPEDITEM_REFUSE
1359,MSI_OPEN_EQUIPEDITEM_ACCEPT
1360,MSI_REQ_VIEW_OTHERUSER
1361,MSI_OTHERUSER_EQUIPED_ITEM
1362,MSI_OPEN_EQUIPED_ITEM
1363,MSI_NEED_PREMIUM_SERVICE
1364,MSI_FR_INVALID_MONEY
1365,MSI_BATTLECHAT_ON
1366,MSI_BATTLECHAT_OFF
1367,MSI_MER_INFO_TYPE_MONSTER
1368,MSI_RO_MAP
1369,MSI_MEMORIAL_DUN_CLOSE
1370,MSI_DELETE_MER
1371,MSI_MEMORIAL_DUN_OPEN
1372,MSI_PHONE_BLOCK
1373,MSI_BAN_PC_IP_LIMIT_ACCESS
1374,MSI_QUESTGET
1375,MSI_FINDTEXT_TO_SKILLDES
1376,MSI_VIEW_SKILL_DESCRIPT
1377,MSI_APPLY_SKILL_UP
1378,MSI_1TABNAME_SKILLWND
1379,MSI_2TABNAME_SKILLWND
1380,MSI_RE17
1381,MSI_RE18
1382,MSI_WARNING_MSG3
1383,MSI_PLUSONLYJOBEXP
1384,MSI_PLUSEXP14532
1385,MSI_PLUSEXP14533
1386,MSI_PLUSEXP12312
1387,MSI_NOPARTY
1388,MSI_NOPARTY2
1389,MSI_SIMPLE_CASH_SHOP
1390,MSI_SIMPLE_POINT_SHOP_NHN
1391,MSI_SIMPLE_POINT_SHOP
1392,MSI_SIMPLE_POINT_SHOP2
1393,MSI_MAIN_USER_CANONT_LOGIN_FREE_SERVER
1394,MSI_INVALID_ONETIMELIMIT
1395,MSI_3TABNAME_SKILLWND
1396,MSI_USESKILL_FAIL_TOTARGET
1397,MSI_USESKILL_FAIL_ANCILLA_NUMOVER
1398,MSI_USESKILL_FAIL_HOLYWATER
1399,MSI_USESKILL_FAIL_ANCILLA
1400,MSI_USESKILL_FAIL_DUPLICATE_RANGEIN
1401,MSI_USESKILL_FAIL_NEED_OTHER_SKILL
1402,MSI_NO_CHATTING
1403,MSI_VET_3HOUR
1404,MSI_VET_5HOUR
1405,MSI_NPGAMEMON_ERROR_GAMEGUARD
1406,MSI_NPGMUP_ERROR_PARAM
1407,MSI_NPGG_ERROR_COLLISION
1408,MSI_PROOF_ERROR
1409,MSI_MOBILE_LOCKSERVER
1410,MSI_FAILED_MOBILE_LOCKSERVER
1411,MSI_USESKILL_FAIL_NEED_HELPER
1412,MSI_USESKILL_FAIL_INVALID_DIR
1413,MSI_USESKILL_FAIL_SUMMON
1414,MSI_USESKILL_FAIL_SUMMON_NONE
1415,MSI_USESKILL_FAIL_IMITATION_SKILL_NONE
1416,MSI_USESKILL_FAIL_DUPLICATE
1417,MSI_USESKILL_FAIL_CONDITION
1418,MSI_PICKUP_MAXCOUNT_LIMIT
1419,MSI_NPK_ERROR_NOTADMIN
1420,MSI_NPK_ERROR_DRIVERVERSION
1421,MSI_NPK_ERROR_VERIFYVERSION
1422,MSI_DETECT_PS2KEYLOGGER
1423,MSI_DETECT_USBKEYLOGGER
1424,MSI_DETECT_HHDUSBH
1425,MSI_USESKILL_FAIL_PAINTBRUSH
1426,MSI_USESKILL_FAIL_II_SURFACE_PAINTS
1427,MSI_USESKILL_FAIL_POS
1428,MSI_USESKILL_FAIL_HELPER_SP_INSUFFICIENT
1429,MSI_BAN_OVER_CHARACTER_LIST
1430,MSI_USESKILL_FAIL_II_NECK_CANDY
1431,MSI_USESKILL_FAIL_II_MISERABLE_TEAR
1432,MSI_USESKILL_FAIL_II_PROTECT_NECK_CANDY
1433,MSI_USESKILL_FAIL_GC_WEAPONBLOCKING
1434,MSI_USESKILL_FAIL_GC_POISONINGWEAPON
1435,MSI_USESKILL_FAIL_MADOGEAR
1436,MSI_USESKILL_FAIL_II_VULCANBULLET
1437,MSI_USESKILL_FAIL_II_FUELGAS
1438,MSI_USESKILL_FAIL_II_COLDSLOWERBULLET
1439,MSI_USESKILL_FAIL_CANONBALL
1440,MSI_USESKILL_FAIL_II_MADOGEAR_ACCELERATION
1441,MSI_USESKILL_FAIL_II_MADOGEAR_HOVERING_BOOSTER
1442,MSI_TOXIN
1443,MSI_PARALYZE
1444,MSI_VENOMBLEED
1445,MSI_MAGICMUSHROOM
1446,MSI_DEATHHURT
1447,MSI_PHYREXIA
1448,MSI_OBLIANCURSE
1449,MSI_RICHEND
1450,MSI_USESKILL_FAIL_MADOGEAR_HOVERING
1451,MSI_USESKILL_FAIL_II_MADOGEAR_SELFDESTRUCTION_DEVICE
1452,MSI_USESKILL_FAIL_II_MADOGEAR_SHAPESHIFTER
1453,MSI_USESKILL_FAIL_GUILLONTINE_POISON
1454,MSI_USESKILL_FAIL_II_MADOGEAR_COOLING_DEVICE
1455,MSI_USESKILL_FAIL_II_MADOGEAR_MAGNETICFIELD_GENERATOR
1456,MSI_USESKILL_FAIL_II_MADOGEAR_BARRIER_GENERATOR
1457,MSI_USESKILL_FAIL_II_MADOGEAR_OPTICALCAMOUFLAGE_GENERATOR
1458,MSI_USESKILL_FAIL_II_MADOGEAR_REPAIRKIT
1459,MSI_USESKILL_FAIL_II_MONKEY_SPANNER
1460,MSI_SKILLINTERVAL2
1461,MSI_LEMIT_DELETE_LEVEL
1462,MSI_USESKILL_FAIL_MADOGEAR_RIDE
1463,MSI_DRAGONOFF
1464,MSI_MADOOFF
1465,MSI_STORE_TABNAME_0
1466,MSI_STORE_TABNAME_1
1467,MSI_STORE_TABNAME_2
1468,MSI_STORE_TABNAME_3
1469,MSI_STORE_TABNAME_4
1470,MSI_STORE_TABNAME_5
1471,MSI_STORE_TABNAME_6
1472,MSI_ERROR_HS_TIMEOUT
1473,MSI_ERROR_DIFF_CLIENT
1474,MSI_USESKILL_FAIL_SPELLBOOK
1475,MSI_USESKILL_FAIL_SPELLBOOK_DIFFICULT_SLEEP
1476,MSI_USESKILL_FAIL_SPELLBOOK_PRESERVATION_POINT
1477,MSI_USESKILL_FAIL_SPELLBOOK_READING
1478,MSI_USESKILL_FAIL_II_FACE_PAINTS
1479,MSI_USESKILL_FAIL_II_MAKEUP_BRUSH
1480,MSI_MOBILE_TIMEOVER
1481,MSI_MOBILE_ANOTHER_LOGIN
1482,MSI_MOBILE_WAITING_STATE
1483,MSI_ESC_OPTIONWND
1484,MSI_GRAPHIC_OPTIONWND
1485,MSI_SOUND_OPTIONWND
1486,MSI_HOTKEYWND_NOTICE1
1487,MSI_HOTKEYWND_NOTICE2
1488,MSI_HOTKEYWND_NOTICE3
1489,MSI_HOTKEYWND_NOTICE4
1490,MSI_HOTKEYWND_NOTICE5
1491,MSI_HOTKEYWND_TAB1
1492,MSI_HOTKEYWND_TAB2
1493,MSI_HOTKEYWND_TAB3
1494,MSI_HOTKEYWND_TITLE
1495,MSI_BGM
1496,MSI_SOUND
1497,MSI_SKIN
1498,MSI_TINGONLY_ON
1499,MSI_TINGONLY_OFF
1500,MSI_EXPLAIN_TINGONLY
1501,MSI_EMOTION_ROCK
1502,MSI_EMOTION_SCISSOR
1503,MSI_EMOTION_WRAP
1504,MSI_EMOTION_LUV
1505,MSI_EMOTION_MOBILE
1506,MSI_EMOTION_MAIL
1507,MSI_EMOTION_ANTENNA0
1508,MSI_EMOTION_ANTENNA1
1509,MSI_EMOTION_ANTENNA2
1510,MSI_EMOTION_ANTENNA3
1511,MSI_EMOTION_HUM2
1512,MSI_EMOTION_ABS
1513,MSI_EMOTION_OOPS
1514,MSI_EMOTION_SPIT
1515,MSI_EMOTION_ENE
1516,MSI_EMOTION_PANIC
1517,MSI_EMOTION_WHISP
1518,MSI_HOTKEY_NOTHING
1519,MSI_USESKILL_FAIL_CART
1520,MSI_USESKILL_FAIL_II_THORNS_SEED
1521,MSI_USESKILL_FAIL_II_BLOOD_SUCKER_SEED
1522,MSI_USESKILL_FAIL_NO_MORE_SPELL
1523,MSI_USESKILL_FAIL_II_BOMB_MUSHROOM_SPORE
1524,MSI_USESKILL_FAIL_II_GASOLINE_BOOMB
1525,MSI_USESKILL_FAIL_II_OIL_BOTTLE
1526,MSI_USESKILL_FAIL_II_EXPLOSION_POWDER
1527,MSI_USESKILL_FAIL_II_SMOKE_POWDER
1528,MSI_USESKILL_FAIL_II_TEAR_GAS
1529,MSI_USESKILL_FAIL_II_HYDROCHLORIC_ACID_BOTTLE
1530,MSI_USESKILL_FAIL_II_HELLS_PLANT_BOTTLE
1531,MSI_USESKILL_FAIL_II_MANDRAGORA_FLOWERPOT
1532,MSI_YIELD_PARTYMASTER
1533,MSI_DO_YOU_REALLY_WANT_YIELD_PARTYMASTER
1534,MSI_CANNOT_YIELD_PARTYMASTER
1535,MSI_FAILED_CHANGE
1536,MSI_USESKILL_FAIL_NEED_ITEM
1537,MSI_ITEM_REFINING_DOWNGRADE
1538,MSI_USESKILL_FAIL_NEED_EQUIPMENT
1539,MSI_BATTLEFIELD_LIST
1540,MSI_CANNOT_JOINTO_BATTLEFIELD
1541,MSI_COMPLETED_JOINTO_BATTLEFIELD
1542,MSI_DIFFER_JOINTO_BATTLEFIELD
1543,MSI_STATUS_JOINTO_BATTLEFIELD
1544,MSI_REQ_CANCEL_JOINTO_BATTLEFIELD
1545,MSI_CANCEL_JOINTO_BATTLEFIELD
1546,MSI_MOVETO_BATTLEFIELD
1547,MSI_BATTLEFIELD_NAME
1548,MSI_MOVETO_SAVEPOINT
1549,MSI_VIEW_SEEK_PARTY
1550,MSI_UNVIEW_SEEK_PARTY
1551,MSI_SEEK_PARTY_DEALY
1552,MSI_NOTIFY_PARTY_ROLE_MASTER
1553,MSI_ERROR_SYSTEM_ERROR_BATTLEFIELD
1554,MSI_ERROR_FULL_ESROOM_BATTLEFIELD
1555,MSI_ERROR_DOUBLE_OFFER_BATTLEFIELD
1556,MSI_ERROR_WAIT_TIMEOUT_BATTLEFIELD
1557,MSI_ERROR_BATTLEFILD_ENTER_BATTLEFIELD
1558,MSI_ERROR_DROP_ENTRANCESTATION_BATTLEFIELD
1559,MSI_USESKILL_FAIL_COMBOSKILL
1560,MSI_USESKILL_FAIL_COMBOSKILL2
1561,MSI_USESKILL_FAIL_SPIRITS
1562,MSI_USESKILL_FAIL_SPIRITS2
1563,MSI_RUNESTONE_MAKEERROR_OVERCOUNT
1564,MSI_ERROR_LIST_OPEN_BATTLEFIELD
1565,MSI_ERROR_LEVEL_LIMIT_BATTLEFIELD
1566,MSI_UPGRADESKILLERROR_MORE_FIRSTJOBSKILL
1567,MSI_UPGRADESKILLERROR_MORE_SECONDJOBSKILL
1568,MSI_ITEMSYOUCANCHANGE
1569,MSI_ITEMS_FOR_CHANGE
1570,MSI_SKILL_RECIPE_NOTEXIST
1571,MSI_SKILL_INVENTORY_WEIGHT_OVER
1572,MSI_SKILL_INVENTORY_KINDCNT_OVER
1573,MSI_SKILL_MATERIAL_FAIL
1574,MSI_SKILL_SUCCESS
1575,MSI_SKILL_FAIL
1576,MSI_SKILL_FAIL_MATERIAL_DESTROY
1577,MSI_FAILED_CHANGE_TABNAME
1578,MSI_FAILED_ADD_TAB
1579,MSI_FAILED_LOCKSERVER
1580,MSI_BOT_CHECK
1581,MSI_SKILL_FAIL_MATERIAL_IDENTITY
1582,MSI_BAN_IP_BLOCK
1583,MSI_BAN_INVALID_PWD_CNT
1584,MSI_MIX_ACCEPT
1585,MSI_BOT_CHECK_NOTIC
1586,MSI_DESCRIBE_BATTLEFIELD
1587,MSI_BATTLEFIELD_STATUS
1588,MSI_BATTLEFIELD_HELP
1589,MSI_BAN_NOT_ALLOWED_JOBCLASS
1590,MSI_REMOVE_EQUIPEDITEM
1591,MSI_MINI_ICON
1592,MSI_BATTLEFIELD_TEAM
1593,MSI_WAIT_STATUS
1594,MSI_NOTIFY_BATTLEFIELD_CANCEL
1595,MSI_BATTLEFIELD_COUNT
1596,MSI_BATTLEFIELD_ATEAM_COUNT
1597,MSI_BATTLEFIELD_BTEAM_COUNT
1598,MSI_BATTLEFIELD_ATEAM_WAIT
1599,MSI_BATTLEFIELD_BTEAM_WAIT
1600,MSI_SHOW_BATTLEFIELD_ICON
1601,MSI_DONT_SHOW_BATTLEFIELD_ICON
1602,MSI_NOTIFY_BATTLEFIELD_MOVE
1603,MSI_NOTIFY_BATTLEFIELD_DEFER
1604,MSI_WHO_IS
1605,MSI_I_RECEIVED_DAMAGE
1606,MSI_PARTY_RECEIVED_DAMAGE
1607,MSI_I_GAVE_DAMAGE
1608,MSI_PARTY_GAVE_DAMAGE
1609,MSI_DROP_ITEM
1610,MSI_CLEAR_QUEST_MONSTER
1611,MSI_DELETE_QUEST
1612,MSI_NOTIFY_WHO
1613,MSI_NOTIFY_EXP
1614,MSI_NOTIFY_JOBEXP
1615,MSI_GET
1616,MSI_LOSS
1617,MSI_NOTIFY_STEAL_COIN
1618,MSI_VIEW_COMBAT_MSG
1619,MSI_VIEW_PARTY_COMBAT_MSG
1620,MSI_VIEW_GETTING_EXP_MSG
1621,MSI_VIEW_PARTY_GETTING_EXP_MSG
1622,MSI_VIEW_QUEST_INFO_MSG
1623,MSI_VIEW_BATTLEFIELD_INFO_MSG
1624,MSI_NOTIFY_TARGET_WHO
1625,MSI_NOTIFY_SKILL_TO_TARGET
1626,MSI_LOCK_MOUSE
1627,MSI_UNLOCK_MOUSE
1628,MSI_BROADCASTING_SPECIAL_ITEM_OBTAIN
1629,MSI_JOB_SWORDMAN
1630,MSI_JOB_MAGICIAN
1631,MSI_JOB_ARCHER
1632,MSI_JOB_ACOLYTE
1633,MSI_JOB_MERCHANT
1634,MSI_JOB_THIEF
1635,MSI_JOB_KNIGHT
1636,MSI_JOB_PRIEST
1637,MSI_JOB_WIZARD
1638,MSI_JOB_BLACKSMITH
1639,MSI_JOB_HUNTER
1640,MSI_JOB_ASSASSIN
1641,MSI_JOB_CRUSADER
1642,MSI_JOB_MONK
1643,MSI_JOB_SAGE
1644,MSI_JOB_ROGUE
1645,MSI_JOB_ALCHEMIST
1646,MSI_JOB_BARD
1647,MSI_JOB_DANCER
1648,MSI_JOB_RUNE_KNIGHT
1649,MSI_JOB_WARLOCK
1650,MSI_JOB_RANGER
1651,MSI_JOB_ARCHBISHOP
1652,MSI_JOB_MECHANIC
1653,MSI_JOB_GUILLOTINE_CROSS
1654,MSI_JOB_ROYAL_GUARD
1655,MSI_JOB_SORCERER
1656,MSI_JOB_MINSTREL
1657,MSI_JOB_WANDERER
1658,MSI_JOB_SURA
1659,MSI_JOB_GENETIC
1660,MSI_JOB_SHADOW_CHASER
1661,MSI_JOB_SWORDMAN_H
1662,MSI_JOB_MAGICIAN_H
1663,MSI_JOB_ARCHER_H
1664,MSI_JOB_ACOLYTE_H
1665,MSI_JOB_MERCHANT_H
1666,MSI_JOB_THIEF_H
1667,MSI_JOB_KNIGHT_H
1668,MSI_JOB_PRIEST_H
1669,MSI_JOB_WIZARD_H
1670,MSI_JOB_BLACKSMITH_H
1671,MSI_JOB_HUNTER_H
1672,MSI_JOB_ASSASSIN_H
1673,MSI_JOB_CRUSADER_H
1674,MSI_JOB_MONK_H
1675,MSI_JOB_SAGE_H
1676,MSI_JOB_ROGUE_H
1677,MSI_JOB_ALCHEMIST_H
1678,MSI_JOB_BARD_H
1679,MSI_JOB_DANCER_H
1680,MSI_JOB_NOVICE
1681,MSI_JOB_NOVICE_H
1682,MSI_JOB_SUPERNOVICE
1683,MSI_JOB_GUNSLINGER
1684,MSI_JOB_NINJA
1685,MSI_JOB_TAEKWON
1686,MSI_JOB_STAR
1687,MSI_JOB_LINKER
1688,MSI_SEEK_PARTY_MEMBER
1689,MSI_SEEK_PARTY_LIST
1690,MSI_SEEK_PARTY_CHECK
1691,MSI_FAIL_NEED_EQUIPPED_BOW
1692,MSI_FAIL_NEED_EQUIPPED_INSTRUMENT_WHIP
1693,MSI_BAD_CHAR
1694,MSI_ALRAM
1695,MSI_FAIL_BUY_ITEM_INVALID_MCSTORE
1696,MSI_CAN_DROP_ITEM_TO_ITEMWND
1697,MSI_TIME
1698,MSI_MAP
1699,MSI_CANT_USE_WHEN_OPENED_EXCHANGEWND
1700,MSI_HOTKEY_UNKOWN
1701,MSI_EXPLAIN_STATEINFO
1702,MSI_SHOW_STATEINFO_ON
1703,MSI_SHOW_STATEINFO_OFF
1704,MSI_LIMIT_BUY_ITEM2
1705,MSI_LIMIT_SELL_ITEM
1706,MSI_CAN_BUY_ITEM_NUM
1707,MSI_SAVE_HOTKEY_TO_FILE
1708,MSI_CHARACTER_IS_BUSY
1709,MSI_RO_HELP
1710,MSI_HAVENOT_ANVIL
1711,MSI_WHISPER_BLOCK_NOVICE_LEVEL10
1712,MSI_JOB_ATTACKER
1713,MSI_JOB_TANKER
1714,MSI_JOB_HEALER
1715,MSI_JOB_ASSISTANCE
1716,MSI_DESCRIBE_PARTY_BOOKING
1717,MSI_GUILD_ALLY_REQUEST_DISABLE
1718,MSI_GUILD_HOSTILE_REQUEST_DISABLE
1719,MSI_FRIEND_ADD_FALSE_AGIT
1720,MSI_BUYINGSTORE_MAKEWND_TITLE
1721,MSI_BUYINGSTORE_MAKEWND_PRICE
1722,MSI_BUYINGSTORE_MAKEWND_MYZENY
1723,MSI_BUYINGSTORE_MAKEWND_LIMITZENY
1724,MSI_BUYINGSTORE_MAKEWND_ADDITEM
1725,MSI_BUYINGSTORE_MAKEWND_INPUTPRICE
1726,MSI_BUYINGSTORE_MAKEWND_REINPUTPRICE
1727,MSI_BUYINGSTORE_MAKEWND_INPUTNUM
1728,MSI_BUYINGSTORE_MAKEWND_REINPUTNUM
1729,MSI_BUYINGSTORE_MAKEWND_DUPLICATEITEM
1730,MSI_BUYINGSTORE_MAKEWND_INPUTLIMITZENY
1731,MSI_BUYINGSTORE_MAKEWND_REINPUTLIMITZENY
1732,MSI_BUYINGSTORE_MAKEWND_ITEMLIST
1733,MSI_BUYINGSTORE_MIRRORBUYITEMLIST
1734,MSI_BUYINGSTORE_MYSHOPWND_TITLE
1735,MSI_BUYINGSTORE_MYSHOPWND_LIMITZENY
1736,MSI_BUYINGSTORE_MYSHOPWND_ITEMINFO
1737,MSI_BUYINGSTORE_SHOPWND_TITLE
1738,MSI_BUYINGSTORE_MIRRORSELLWND_TITLE
1739,MSI_BUYINGSTORE_SELLWND_LIMITNUM
1740,MSI_BUYINGSTORE_SELLWND_LACKBUYERZENY
1741,MSI_BUYINGSTORE_OPEN_FAILED
1742,MSI_BUYINGSTORE_OVERWEIGHT
1743,MSI_BUYINGSTORE_TRADE_OVERLIMITZENY
1744,MSI_BUYINGSTORE_TRADE_BUYCOMPLETE
1745,MSI_BUYINGSTORE_TRADE_LACKBUYERZENY
1746,MSI_BUYINGSTORE_TRADE_SELLCOMPLETE
1747,MSI_BUYINGSTORE_TRADE_OVERCOUNT
1748,MSI_USESKILL_FAIL_EL_SUMMON
1749,MSI_AGAINSTSERVERSIEGEWARFARE_RESTRICTION
1750,MSI_OTP_MUST_6_CHAR
1751,MSI_DB_ERROR
1752,MSI_OTP_FAILED
1753,MSI_PARTY_BOOKING_NOTIFY
1754,MSI_PARTY_BOOKING_REQURT
1755,MSI_PARTY_BOOKING_TYPE
1756,MSI_PARTY_BOOKING_TYPE_1
1757,MSI_PARTY_BOOKING_TYPE_2
1758,MSI_PARTY_BOOKING_TYPE_3_1
1759,MSI_PARTY_BOOKING_TYPE_3_2
1760,MSI_PARTY_BOOKING_TYPE_1PLUS
1761,MSI_PARTY_BOOKING_TYPE_2PLUS
1762,MSI_PARTY_BOOKING_TYPE_ETC
1763,MSI_PARTY_BOOKING_REQURTING
1764,MSI_PARTY_BOOKING_REQURT_TIP
1765,MSI_PARTY_BOOKING_SEARCH
1766,MSI_PARTY_BOOKING_ALL_SELECT
1767,MSI_PARTY_BOOKING_ERR1
1768,MSI_PARTY_BOOKING_ERR2
1769,MSI_PARTY_BOOKING_ERR3
1770,MSI_PARTY_BOOKING_ERR4
1771,MSI_PARTY_BOOKING_ERR5
1772,MSI_DISABLE_COSTUMEITEM_MAP
1773,MSI_CANNOT_EQUIP_ITEM_LEVEL
1774,MSI_CANNOT_USE_ITEM_LEVEL
1775,MSI_CHATMODE_ONOFF
1776,MSI_OVER_TABSIZE
1777,MSI_SET_CHATINFO
1778,MSI_SELL
1779,MSI_BUY
1780,MSI_SEARCH_STOREINFO
1781,MSI_STORE_NAME
1782,MSI_SEARCH_ITEM_COUNT
1783,MSI_SEARCH_ITEM_PRICE
1784,MSI_SSI_FAILED_OVER_MAXCOUNT
1785,MSI_OPEN_SEARCH_STORE
1786,MSI_SSO_FAILED
1787,MSI_ZONE_MOVE_FAIL
1788,MSI_SEARCH_INCLUDED
1789,MSI_WITHDREW_USERS
1790,MSI_DIDNOT_AGREE
1791,MSI_ACCOUNT_DOESNOT_EXIST
1792,MSI_AGE_RESTRICTIONS
1793,MSI_ACCOUNT_BLOCK
1794,MSI_BUG_BLOCK
1795,MSI_PLUSEXP75
1796,MSI_PLUSEXP50
1797,MSI_FAIL_OPEN_STORE
1798,MSI_SSI_FAILED_SEARCH_CNT
1799,MSI_SSI_FAILED_ITEM_DOES_NOT_EXIST
1800,MSI_SSI_FAILED_LIMIT_SERACH_TIME
1801,MSI_SSI_TOOLTIP_OF_SERACHING_THE_CARD
1802,MSI_SSI_REST_OF_NUMBER_OF_SEARCHES
1803,MSI_SSI_FAILED_SEARCH_STORE
1804,MSI_SSI_FAILED_PRICE_ISNOT_VALID
1805,MSI_GENERAL_EQUIPMENT
1806,MSI_COSTUME_EQUIPMENT
1807,MSI_MINUTE
1808,MSI_SECOND
1809,MSI_SSI_FAILED_ENTER_THE_NAME_OF_ITEM
1810,MSI_SSI_FAILED_NAME_OF_ITEM_DOES_NOT_EXIST
1811,MSI_NOT_EXIST_ENTRYMAP
1812,MSI_SSI_FAILED_NAME_OF_CARD_DOES_NOT_EXIST
1813,MSI_CASH_FAILED_TOTAL_CNT
1814,MSI_CASH_FAILED_BUY_SOME
1815,MSI_ENTER_PEOPLE_BIRTH
1816,MSI_RESULT_FAIL_UNKNOWN
1817,MSI_RESULT_FAIL_DATABASE
1818,MSI_RESULT_FAIL_GUILD
1819,MSI_RESULT_FAIL_PARTY
1820,MSI_RESULT_FAIL_CONFIGURATION
1821,MSI_RESULT_FAIL_DATE
1822,MSI_RESULT_FAIL_BIRTH
1823,MSI_USESKILL_FAIL_RELATIONGRADE
1824,MSI_USESKILL_FAIL_STYLE_CHANGE_FIGHTER
1825,MSI_USESKILL_FAIL_STYLE_CHANGE_GRAPPLER
1826,MSI_PARTY_REGISTRATION_FAILED
1827,MSI_PARTY_SEARCH_FAILED
1828,MSI_PARTY_AD_DELETE_FAILED
1829,MSI_PARTY_NOT_EXIST_AD
1830,MSI_REFUSE_SSO_NOT_PAY_USER
1831,MSI_SCREENSHOT_FOR_EXCHANGE
1832,MSI_SCREENSHOT_FOR_EXCHANGE_CHARNAME
1833,MSI_NOTIFY_NEO_INSURANCE_ITEM_USE
1834,MSI_TALK
1835,MSI_MACRO_DUPLICATE
1836,MSI_MACRO_POSTDELAY
1837,MSI_MACRO_NOT_POSTDELAY
1838,MSI_SSO_ERROR_MSG
1839,MSI_REFUSE_SSO_AUTH_INVALID_TOKEN
1840,MSI_REFUSE_SSO_AUTH_INVALID_USER
1841,MSI_REFUSE_SSO_AUTH_INVALID_AGE
1842,MSI_NC_BUY
1843,MSI_NC_BLANK
1844,MSI_NC_FIRSTPAGE
1845,MSI_NC_LASTPAGE
1846,MSI_NC_CAT1
1847,MSI_NC_CAT2
1848,MSI_NC_CAT3
1849,MSI_NC_CAT4
1850,MSI_NC_CAT5
1851,MSI_NC_CAT6
1852,MSI_NC_CAT7
1853,MSI_NC_CAT8
1854,MSI_NC_COST
1855,MSI_NC_NUM
1856,MSI_NC_COUNT
1857,MSI_NC_FREECASH
1858,MSI_NC_CASH
1859,MSI_CALLMONSTER_FAIL_AREA
1860,MSI_BUY_CASH_FAIL2
1861,MSI_MACRO_SAVE_DATA
1862,MSI_ITEM_REUSE_LIMIT_SECOND
1863,MSI_FAIL_NEED_EQUIPPED_SPEAR
1864,MSI_USESKILL_FAIL_DRAGON
1865,MSI_OVER_CONNECT_USER
1866,MSI_AUTHENTICATE
1867,MSI_SELECT_SAVESLOT
1868,MSI_BROADCASTING_SPECIAL_ITEM_OBTAIN2
1869,MSI_NOTUSE_GROOMY
1870,MSI_BUYINGSTORE_OVERFLOW_MONEY
1871,MSI_PREVENT_PARTY_JOIN
1872,MSI_PREVENT_PARTY_LEAVE
1873,MSI_PREVENT_PARTY_EXPEL
1874,MSI_SDO_REALNAME
1875,MSI_SDO_ID_NUMBER
1876,MSI_SDO_EMAIL
1877,MSI_SDO_WRONG_VALUE
1878,MSI_MCSTORE_FAIL_SELLER_MONEY_GIVE
1879,MSI_INVALID_CLASS
1880,MSI_INVALID_GENDER
1881,MSI_SUCCESS_AUTHENTICATE
1882,MSI_INVALID_REALNAME
1883,MSI_INVALID_IDNUMBER
1884,MSI_INVALID_AUTHENTICATE
1885,MSI_CANNOT_ATTACK_IN_RIDING_STATE
1886,MSI_CANNOT_USE_SKILL_IN_RIDING_STATE
1887,MSI_STORE_PASSWORD_4_6
1888,MSI_SECOND_PASSWORD_LOGIN_SUCCESS
1889,MSI_SECOND_PASSWORD_MAKE_SUCCESS
1890,MSI_SECOND_PASSWORD_DEL_SUCCESS
1891,MSI_SECOND_PASSWORD_EDIT_SUCCESS
1892,MSI_SECOND_PASSWORD_LOGIN_FAILED
1893,MSI_SECOND_PASSWORD_MAKE_FAILED
1894,MSI_SECOND_PASSWORD_DEL_FAILED
1895,MSI_SECOND_PASSWORD_EDIT_FAILED
1896,MSI_SECOND_PASSWORD_EDIT_RESTRICT_PW
1897,MSI_SECOND_PASSWORD_EDIT_PERSONALNUM_PW
1898,MSI_SECOND_PASSWORD_MAKE_DUPLICATED_PW
1899,MSI_SECOND_PASSWORD
1900,MSI_SECOND_PASSWORD_INPUT
1901,MSI_SECOND_PASSWDRD_NOT_AVAILABLE_SUCCESS
1902,MSI_SECOND_PASSWDRD_NOT_AVAILABLE_FAILED
1903,MSI_SECOND_PASSWDRD_AVAILABLE_SUCCESS
1904,MSI_SECOND_PASSWDRD_AVAILABLE_FAILED
1905,MSI_SECOND_PASSWORD_INFO_1
1906,MSI_SECOND_PASSWORD_INFO_2
1907,MSI_SECOND_PASSWORD_INFO_3
1908,MSI_MACRO_ITEM
1909,MSI_MACRO_SKILL
1910,MSI_MACRO_TACTIC
1911,MSI_MACRO_ETC
1912,MSI_MACRO_COMBAT
1913,MSI_MACRO_NON_COMBAT
1914,MSI_MACRO_BUFF
1915,MSI_MACRO_AUTO_EQUIPED
1916,MSI_MACRO_1ST_ATTACK
1917,MSI_MACRO_ATTACK
1918,MSI_MACRO_NEXT_ATK_TIME
1919,MSI_MACRO_WHEN_DIED
1920,MSI_MACRO_WHEN_INVITED_PARTY
1921,MSI_MACRO_PICKUP_ITEM
1922,MSI_MACRO_OVERWEIGHT
1923,MSI_BUSY
1924,MSI_PLUSONLYJOBEXP2
1925,MSI_MACRO_SAVE
1926,MSI_MACRO_SAVE_DATA2
1927,MSI_SECOND_PASSWORD_LEVEL
1928,MSI_RESULT_FAIL_CHAR_DELETE
1929,MSI_USESKILL_FAIL_NEER_WALL
1930,MSI_SEEK_PARTY_SET
1931,MSI_FAIELD_RIDING_OVERLAPPED
1932,MSI_USESKILL_FAIL_NEED_EXP_1PERCENT
1933,MSI_EXP_MSG
1934,MSI_DROP_MSG
1935,MSI_DEATH_MSG
1936,MSI_BASIC_EXP_MSG
1937,MSI_USESKILL_FAIL_CHORUS_SP_INSUFFICIENT
1938,MSI_CHARACTER_IS_OVER_COUNT
1939,MSI_CHARACTER_IS_EACHITEM_OVER_COUNT
1940,MSI_PURCHASE_FAIL_EACHITEM_COUNT
1941,MSI_PARTY_FAILED_TIMEOUT
1942,MSI_UNEXCEPTION_MSG1ST
1943,MSI_INGAMBA_BILLING_ZSVR_ERROR
1944,MSI_CASH_FAILED_RUNE_OVERCOUNT
1945,MSI_CASH_FAILED_EACHITEM_OVERCOUNT
1946,MSI_CASH_FAILED_UNKOWN
1947,MSI_CASH_FAILED_BUSY
1948,MSI_USESKILL_FAIL_NEED_EQUIPMENT_KUNAI
1949,MSI_SEEK_PARTY_LEVEL_HELP
1950,MSI_FAILED_GET_ITEM_FROM_ZONEDA
1951,MSI_USESKILL_FAIL_SIZE
1952,MSI_USESKILL_FAIL_TOTARGET_PLAYER
1953,MSI_CAN_NOT_EQUIP_ITEM_FORBID
1954,MSI_USESKILL_FAIL_THERE_ARE_NPC_AROUND
1955,MSI_REPLAY_ELAPSEDTIME
1956,MSI_REPLAY_SPEED1_4
1957,MSI_REPLAY_SPEED1_2
1958,MSI_REPLAY_SPEED1
1959,MSI_REPLAY_SPEED2
1960,MSI_REPLAY_SPEED4
1961,MSI_REPLAY_SPEED8
1962,MSI_REPLAY_SPEED16
1963,MSI_REPLAY_SPEEDUNKNOWN
1964,MSI_REPLAY_CHRVICEINFO
1965,MSI_REPLAY_CHARACTERNAME
1966,MSI_REPLAY_MAPNAME
1967,MSI_REPLAY_RECORDTIME
1968,MSI_REPLAY_PLAYTIME
1969,MSI_REPLAY_NOREPLAYFILE
1970,MSI_REPLAY_SERVERNOMATCH
1971,MSI_REPLAY_REPLAYOPTIONSETTING
1972,MSI_REPLAY_ENTERTHEFILENAME
1973,MSI_REPLAY_SETREPLAYSAVEDATA
1974,MSI_REPLAY_SETRECOPTION
1975,MSI_REPLAY_GAGEPOS1
1976,MSI_REPLAY_GAGEPOS2
1977,MSI_REPLAY_START
1978,MSI_REPLAY_STOP
1979,MSI_REPLAY_START2
1980,MSI_REPLAY_OPENOPTION
1981,MSI_REPLAY_CLOSEOPION
1982,MSI_REPLAY_END
1983,MSI_REPLAY_TIME
1984,MSI_REPLAY_PARTYFRIEND
1985,MSI_REPLAY_CHAT
1986,MSI_REPLAY_SHORTCUTS
1987,MSI_REPLAY_AUTOMATICFILENAME
1988,MSI_REPLAY_CHECKINGFILE
1989,MSI_REPLAY_THESAMEFILEEXISTS
1990,MSI_REPLAY_RECORDSTART
1991,MSI_REPLAY_RECORDEND
1992,MSI_WEIGHT
1993,MSI_TOTAL
1994,MSI_FAIL_NEED_EQUIPPED_SYURIKEN
1995,MSI__BASIC_MSG_BASE
1996,MSI__BASIC_MSG_JOB
1997,MSI_BASIC_MSG_ZENY
1998,MSI_GRAPHIC_MSG_TRILINEAR
1999,MSI_GRAPHIC_MSG_ATTACK
2000,MSI_GRAPHIC_MSG_SKILL
2001,MSI_GRAPHIC_MSG_ITEM
2002,MSI_GRAPHIC_MSG_NOCTRL
2003,MSI_GRAPHIC_MSG_BATTLE
2004,MSI_CHARACTER_MSG_CHARACTERTOTALSLOT
2005,MSI_CHARACTER_MSG_PREMIUMSERVICE
2006,MSI_CHARACTER_MSG_PREMIUM
2007,MSI_CHARACTER_MSG_SERVICE
2008,MSI_CHARACTER_MSG_BILLINGSERVICE
2009,MSI_CHARACTER_MSG_BILLING
2010,MSI_MSG_COMMANDLIST
2011,MSI_SEEK_PARTY_LEVEL
2012,MSI_SEEK_PARTY_MAP
2013,MSI_SEEK_PARTY_JOB
2014,MSI_MSG_NOTAVAILABLE
2015,MSI_MSG_SUPERNOVICE_CHOPOKGI_CAPPEDLEVEL
2016,MSI_CHANGE_CHARACTER_SLOT
2017,MSI_CHANGE_CHARACTER_SLOT_FAILED
2018,MSI_CHARACTERNAME_ERROR
2019,MSI_QUEST_DISPLAY_ONOFF
2020,MSI_SHUTDOWN_ALERT_MSG
2021,MSI_BAN_SHUTDOWN_TEENAGER
2022,MSI_FAILED_RENAME_BELONGS_TO_GUILD
2023,MSI_FAILED_RENAME_BELONGS_TO_PARTY
2024,MSI_FAILED_RENAME_UNKOWN
2025,MSI_CHARSLOT_CHANGE_DUPLICATE
2026,MSI_CHARNAME_CHANGE_DUPLICATE
2027,MSI_FAILED_RENAME_OVER_LENGTH
2028,MSI_FAILED_RENAME_PREVENTNAM
2029,MSI_FAILED_RENAME_FORBIDDEN
2030,MSI_COMPLETE_HUNTING_QUEST
2031,MSI_PLUSEXP_VALUE
2032,MSI_PARTY_RECALL_TIME
2033,MSI_PARTY_RECALL_INFO
2034,MSI_RECALL_TARGET
2035,MSI_PARTY_BLACKLIST
2036,MSI_PARTY_CF_PAY
2037,MSI_PARTY_CF_PAY_SHORTAGE_COST
2038,MSI_PARTY_ADD_OK
2039,MSI_PARTY_ADD_REFUSES
2040,MSI_PARTY_ITEM_VIEW
2041,MSI_SEEK_PARTY_MEMO_HELP
2042,MSI_PARTY_REQUEST
2043,MSI_DIRECT_CHAT
2044,MSI_ADD_BLACKLIST
2045,MSI_PARTY_RECRUIT_NOT_RECALL_PAY
2046,MSI_PARTY_RECRUIT_MEMO_ERROR
2047,MSI_PARTY_RECRUIT_ERROR
2048,MSI_PARTY_REFUSE_ERROR
2049,MSI_PARTY_RECRUIT_INFO
2050,MSI_INVENTORY_TABNAME_1
2051,MSI_INVENTORY_TABNAME_3
2052,MSI_ITEM_DROP_LOCK
2053,MSI_PARTY_RECRUIT_ALRAM
2054,MSI_CREATE_PARTY
2055,MSI_WITHDRAW_PARTY
2056,MSI_INVITE_PARTY
2057,MSI_PUT_PARTY_NAME_IN
2058,MSI_PUT_PLAYER_NAME_IN
2059,MSI_CHARACTER_PARTY_INVITATION_TO_JOIN
2060,MSI_CHARACTER_REJECT_PARTY_INVITATION
2061,MSI_CHARACTER_ACCEPT_PARTY_INVITATION
2062,MSI_PARTY_RECRUIT_ERROR1
2063,MSI_PARTY_RECRUIT_ERROR2
2064,MSI_CHARNAME_CHANGE_FILED_GUILDMEMBER
2065,MSI_CHARNAME_CHANGE_FILED_PARTYMEMBER
2066,MSI_PARTY_RECRUIT_RECALL_ERR1
2067,MSI_PARTY_RECRUIT_RECALL_ERR2
2068,MSI_PARTY_RECRUIT_RECALL_ERR3
2069,MSI_PARTY_RECRUIT_RECALL_ERR4
2070,MSI_YOU_ARE_NOT_PARTYMASTER
2071,MSI_NC_ITEM_SEARCH
2072,MSI_PLEASE_PUT_CHARACTER_NAME_IN
2073,MSI_PLEASE_PUT_PARTY_NAME_IN
2074,MSI_GUILD_HELPER
2075,MSI_NO_GUILD_CURRENTLY_PARTICIPATED_IN
2076,MSI_CREATE_GUILD
2077,MIS_PUT_GUILD_NAME_IN
2078,MIS_GUILD_TIP
2079,MIS_GUILD_SYSTEM
2080,MSI_PLEASE_PUT_GUILD_NAME_IN
2081,MSI_PARTY_RECRUIT_REFUSE_VOLUNTEER
2082,MSI_SERVICESELECT
2083,MSI_SHOW_MAPNAMETITLE
2084,MSI_REPLAY_STR_REPLAYFILELIST
2085,MSI_REPLAY_STR_FILEINFO
2086,MSI_REPLAY_STR_FILELIST
2087,MSI_NOT_MOVEABLE_TRADE
2088,MSI_GUILD_DISBAND
2089,MSI_PUT_DISBAND_GUILDNAME
2090,MSI_JOINGUILD_NOTEXIST_USER
2091,MSI_FAILED_SET_EFFECT_BIRD
2092,MSI_BASIC_EXP_MSG_BRZ
2093,MSI_JOINGUILD_TARGET_USER_IN_SIEGEMAP
2094,MSI_PARTY_MASTER_CHANGE_SAME_MAP
2095,MSI_CANNOT_PARTY_MASTER_CHANGE_IN_MAP
2096,MSI_ROYAL_CHIKENOFF
2097,MSI_TIME_TYPE3
2098,MSI_JOINGUILD_REQ_USER_IN_SIEGEMAP
2099,MSI_BATTLEFIELD_MSG_REQUEST_JOINWAIT
2100,MSI_BATTLEFIELD_MSG_FULL
2101,MSI_BATTLEFIELD_MSG_UNKNOWN_NAME
2102,MSI_BATTLEFIELD_MSG_UNKNOWN_TYPE
2103,MSI_BATTLEFIELD_MSG_MAXOVER
2104,MSI_BATTLEFIELD_MSG_JOIN_NOTLEVEL
2105,MSI_BATTLEFIELD_MSG_JOIN_OVERLAP
2106,MSI_BATTLEFIELD_MSG_RESTART
2107,MSI_BATTLEFIELD_MSG_NOTJOB
2108,MSI_BATTLEFIELD_MSG_JOIN_ONLYBOSS
2109,MSI_BATTLEFIELD_MSG_BUSY_PARTYMEMBER
2110,MSI_BATTLEFIELD_MSG_CANCEL_JOINWAIT
2111,MSI_BATTLEFIELD_MSG_WRONG_NAME
2112,MSI_BATTLEFIELD_MSG_NOTRANK
2113,MSI_BATTLEFIELD_MSG_FAIL_CHOICE
2114,MSI_BATTLEFIELD_MSG_CANCEL_JOIN
2115,MSI_BATTLEFIELD_MSG_DOYOU_JOIN
2116,MSI_BATTLEFIELD_HELP1
2117,MSI_BATTLEFIELD_HELP2
2118,MSI_BATTLEFIELD_HELP3
2119,MSI_BATTLEFIELD_HELP4
2120,MSI_BATTLEFIELD_HELP5
2121,MSI_BATTLEFIELD_HELP6
2122,MSI_BATTLEFIELD_HELP7
2123,MSI_BATTLEFIELD_HELP8
2124,MSI_BATTLEFIELD_HELP9
2125,MSI_BATTLEFIELD_HELP10
2126,MSI_BATTLEFIELD_START
2127,MSI_BATTLEFIELD_DOYOU_MOVE
2128,MSI_BATTLEFIELD_WARNINGMSG1
2129,MSI_BATTLEFIELD_WARNINGMSG2
2130,MSI_BATTLEFIELD_WARNINGMSG3
2131,MSI_BATTLEFIELD_WARNINGMSG4
2132,MSI_BATTLEFIELD_WAIT_PLAYER
2133,MSI_BATTLEFIELD_REQUEST_JOIN
2134,MSI_BATTLEFIELD_WAITTIME_D
2135,MSI_BATTLEFIELD_STATE_JOINWAIT
2136,MSI_BATTLEFIELD_NAME_S
2137,MSI_BATTLEFIELD_MEMBER_D
2138,MSI_BATTLEFIELD_MYRANK_D
2139,MSI_BATTLEFIELD_DP_TITLE
2140,MSI_BATTLEFIELD_DP_AIM
2141,MSI_BATTLEFIELD_DP_MEMBER
2142,MSI_BATTLEFIELD_DP_REQUIRED
2143,MSI_BATTLEFIELD_DP_WIN
2144,MSI_BATTLEFIELD_DP_DRAW
2145,MSI_BATTLEFIELD_DP_LOSS
2146,MSI_BATTLEFIELD_DOYOU_SINGLE
2147,MSI_BATTLEFIELD_DOYOU_PALTY
2148,MSI_BATTLEFIELD_DOYOU_GUILD
2149,MSI_BATTLEFIELD_LIST2
2150,MSI_BATTLEFIELD_D_VS_D
2151,MSI_BATTLEFIELD_LEVELDOWN_D
2152,MSI_BATTLEFIELD_LEVELUP_D
2153,MSI_BATTLEFIELD_LEVEL_D_D
2154,MSI_BATTLEFIELD_LIMITLESS
2155,MSI_BATTLEFIELD_MSG_NOT_JOINMAP
2156,MSI_BATTLEFIELD_MSG_WAIT_1MM
2157,MSI_BATTLEFIELD_MSG_PLZ_PALTYJOIN
2158,MSI_BATTLEFIELD_MSG_NOT_PALTYBOSS
2159,MSI_BATTLEFIELD_MSG_OVER_PARTYMEMBER
2160,MSI_BATTLEFIELD_MSG_PLZ_GUILDJOIN
2161,MSI_BATTLEFIELD_MSG_NOT_GUILDBOSS
2162,MSI_BATTLEFIELD_MSG_OVER_GUILDMEMBER
2163,MSI_RESERVE_CHANGE_CHARACTER_SLOT
2164,MSI_CHARACTER_SLOT_CHANGE
2165,MSI_CHANGE_CHARACTER_NAME
2166,MSI_MSG_MAKECHARCTER
2167,MSI_UAE_URL
2168,MSI_UAE_SERVERSTR
2169,MSI_MERGE_ITEM
2170,MSI_SELECT_ITEM_TO_MERGE
2171,MSI_MERGE_ITEM_SUCCESS
2172,MSI_MERGE_ITEM_FAILED_NOT_MERGE
2173,MSI_MERGE_ITEM_FAILED_MAX_COUNT
2174,MSI_CHARACTER_LEFT_ROLL
2175,MSI_CHARACTER_RIGHT_ROLL
2176,MSI_VIEW_BEFORE_WORLDINFO
2177,MSI_VIEW_BEFORE_WORLDINFO_TITLE
2178,MSI_VIEW_BEFORE_SERVERINFO
2179,MSI_VIEW_BEFORE_CHARNAME
2180,MSI_MONSTER_HP_ON
2181,MSI_MONSTER_HP_OFF
2182,MSI_MERGE_ITEM_FAILED_NOT_EXIST
2183,MSI_NOT_EXIST_MERGE_ITEM
2184,MSI_QUESTUI_TAB_PROCESS
2185,MSI_QUESTUI_TAB_HOLD
2186,MSI_QUESTUI_TAB_BEST
2187,MSI_QUESTUI_TAB_EPISODE
2188,MSI_QUESTUI_TAB_LOCAL
2189,MSI_QUESTUI_TAB_EVENT
2190,MSI_QUESTUI_TAB_NEW
2191,MSI_QUESTUI_HUNTMONSTER
2192,MSI_QUESTUI_REWARDITEM
2193,MSI_QUESTUI_NEEDITEM
2194,MSI_QUESTUI_TIMELIMIT
2195,MSI_QUESTUI_CLOSINGTIME
2196,MSI_NAVIGATION_SEARCH
2197,MSI_NAVIGATION_TARGETGO
2198,MSI_NAVIGATION_ROUTEINFO
2199,MSI_NAVIGATION_SEARCHINFO
2200,MSI_NAVIGATION_VIEWCHANGE
2201,MSI_NAVIGATION_LIGHTCHANGE
2202,MSI_NAVIGATION_END
2203,MSI_NAVIGATION_BASE
2204,MSI_NAVIGATION_MINI
2205,MSI_NAVIGATION_HELP
2206,MSI_NAVIGATION_ALL
2207,MSI_NAVIGATION_MAP
2208,MSI_NAVIGATION_NPC
2209,MSI_NAVIGATION_MOB
2210,MSI_NAVIGATION_SETSTRING
2211,MSI_NAVIGATION_SCROLL
2212,MSI_NAVIGATION_USESCROLL
2213,MSI_NAVIGATION_SERVICE
2214,MSI_NAVIGATION_USESERVICE
2215,MSI_NAVIGATION_PLANE
2216,MSI_NAVIGATION_USEPLANE
2217,MSI_NAVIGATION_TARGETUNKNOWN
2218,MSI_NAVIGATION_GOING
2219,MSI_NAVIGATION_SEARCHING
2220,MSI_NAVIGATION_UN
2221,MSI_NAVIGATION_NAVI
2222,MSI_NAVIGATION_SEARCHRESULT_D
2223,MSI_NAVIGATION_NPC_S_S
2224,MSI_NAVIGATION_MOB_S_S
2225,MSI_NAVIGATION_MAP_S
2226,MSI_NAVIGATION_RESULTINFO
2227,MSI_NAVIGATION_LENGTH
2228,MSI_NAVIGATION_TARGETMAP_S_S
2229,MSI_NAVIGATION_TARGET_S_D_D
2230,MSI_NAVIGATION_BOSS
2231,MSI_NAVIGATION_NORMAL
2232,MSI_NAVIGATION_TARGET_S_S
2233,MSI_NAVIGATION_TARGET_D_D
2234,MSI_NAVIGATION_GOINFO
2235,MSI_NAVIGATION_ITEM_S_S
2236,MSI_NAVIGATION_D_S_D_D_D_D
2237,MSI_NAVIGATION_E_D_S_D_D_D_D
2238,MSI_NAVIGATION_E_D_S
2239,MSI_NAVIGATION_GOEXIT
2240,MSI_NAVIGATION_HELPTITLE
2241,MSI_NAVIGATION_HELP1
2242,MSI_NAVIGATION_HELP2
2243,MSI_NAVIGATION_HELP3
2244,MSI_NAVIGATION_HELP4
2245,MSI_NAVIGATION_HELP5
2246,MSI_NAVIGATION_HELP6
2247,MSI_NAVIGATION_HELP7
2248,MSI_NAVIGATION_HELP8
2249,MSI_NAVIGATION_HELP9
2250,MSI_NAVIGATION_HELP10
2251,MSI_NAVIGATION_HELP11
2252,MSI_NAVIGATION_HELP12
2253,MSI_NAVIGATION_HELP13
2254,MSI_NAVIGATION_HELP14
2255,MSI_NAVIGATION_HELP15
2256,MSI_NAVIGATION_HELP16
2257,MSI_NAVIGATION_HELP17
2258,MSI_NAVIGATION_HELP18
2259,MSI_NAVIGATION_HELP19
2260,MSI_NAVIGATION_HELP20
2261,MSI_NAVIGATION_LEVEL_D_BOSS
2262,MSI_NAVIGATION_LEVEL_D_NORMAL
2263,MSI_NAVIGATION_PROPERTY1
2264,MSI_NAVIGATION_PROPERTY2
2265,MSI_NAVIGATION_PROPERTY3
2266,MSI_NAVIGATION_PROPERTY4
2267,MSI_NAVIGATION_PROPERTY5
2268,MSI_NAVIGATION_PROPERTY6
2269,MSI_NAVIGATION_PROPERTY7
2270,MSI_NAVIGATION_PROPERTY8
2271,MSI_NAVIGATION_PROPERTY9
2272,MSI_NAVIGATION_PROPERTY0
2273,MSI_NAVIGATION_SCALE1
2274,MSI_NAVIGATION_SCALE2
2275,MSI_NAVIGATION_SCALE0
2276,MSI_NAVIGATION_RACE1
2277,MSI_NAVIGATION_RACE2
2278,MSI_NAVIGATION_RACE3
2279,MSI_NAVIGATION_RACE4
2280,MSI_NAVIGATION_RACE5
2281,MSI_NAVIGATION_RACE6
2282,MSI_NAVIGATION_RACE7
2283,MSI_NAVIGATION_RACE8
2284,MSI_NAVIGATION_RACE9
2285,MSI_NAVIGATION_RACE0
2286,MSI_NAVIGATION_MOVECLICK
2287,MSI_NAVIGATION_NPCMOVE
2288,MSI_NAVIGATION_NPCCLICK
2289,MSI_NAVIGATION_S_MOVE
2290,MSI_NAVIGATION_PLANEMOVE
2291,MSI_NAVIGATION_WARPUSE
2292,MSI_NAVIGATION_TARGETPOINT_D_D
2293,MSI_NAVIGATION_UNKNOWNMAP
2294,MSI_NAVIGATION_RS_UNKNOWN
2295,MSI_NAVIGATION_RS_NOTSAMEMAP
2296,MSI_NAVIGATION_RS_FAILSTARTDATA
2297,MSI_NAVIGATION_RS_FAILTARGET
2298,MSI_NAVIGATION_RS_FAILROUTE
2299,MSI_NAVIGATION_RS_FAILPLAYER
2300,MSI_NAVIGATION_RS_NODATA
2301,MSI_NAVIGATION_RS_MAPNOTNAVIGATION
2302,MSI_NAVIGATION_RS_FAILTARGETROUTE
2303,MSI_NAVIGATION_RS_SUCCESS
2304,MSI_NAVIGATION_RS_START
2305,MSI_NAVIGATION_RS_MOBTARGETMAP
2306,MSI_NAVIGATION_RS_TARGETMAP
2307,MSI_NAVIGATION_RS_SCROLL
2308,MSI_NAVIGATION_RS_ROUTE_SUCCESS
2309,MSI_NAVIGATION_RS_MAPTMAP_SUCCESS
2310,MSI_NAVIGATION_RS_NPCTMAP_SUCCESS
2311,MSI_NAVIGATION_RS_MOBTMAP_SUCCESS
2312,MSI_NAVIGATION_RS_POSTMAP_SUCCESS
2313,MSI_NAVIGATION_RS_SAMETARGET
2314,MSI_NAVIGATION_RS_HERE
2315,MSI_NAVIGATION_PRINT_S
2316,MSI_NAVIGATION_PRINT_GO_S
2317,MSI_NAVIGATION_PRINT_MAP_S
2318,MSI_NAVIGATION_PRINT_SELECTMAP_S
2319,MSI_NAVIGATION_PRINT_PLANE
2320,MSI_NAVIGATION_PRINT_WARP
2321,MSI_NAVIGATION_PRINT_ITEM
2322,MSI_NAVIGATION_ZZ
2323,MSI_NAVIGATION_ZZLV
2324,MSI_NAVIGATION_ZZLIMIT
2325,MSI_NAVIGATION_ZZALL
2326,MSI_SHOP_ITEM_BAY_TITLE
2327,MSI_SHOP_ITEM_BAY_MAG1
2328,MSI_SHOP_ITEM_BAY_MAG2
2329,MSI_SHOP_ITEM_BAY_MAG3
2330,MSI_BASIC_EXP_MSG2
2331,MSI_CARDWIN
2332,MSI_PERSONAL_INFORMATION_MSG_CHN
2333,MSI_PERSONAL_INFORMATION_MSG_CHN_DEATH
2334,MSI_CAUTION_PKZONE
2335,MSI_FATIGUE
2336,MSI_FATIGUE_LEVEL_ZERO
2337,MSI_FATIGUE_LEVEL_HALF
2338,MSI_FATIGUE_LEVEL_FULL
2339,MSI_FATIGUE_MESSAGE0
2340,MSI_FATIGUE_MESSAGE1
2341,MSI_FATIGUE_MESSAGE2
2342,MSI_EXPLAIN_MONSTERHP
2343,MSI_SKILLPOINT2
2344,MSI_BAN_BILLING_SERVER_ERROR
2345,MSI_REFUSE_CHANGE_PASSWD_FORCE
2346,MSI_REFUSE_CHANGE_PASSWD_SITE
2347,MSI_PLANNED_TIME_SHUTDOWN
2348,MSI_SHOUTDOWN_TIME
2349,MSI_PARTIAL_SHOUTDOWN_TIME
2350,MSI_MENU_REPLAYWND
2351,MSI_MENU_MACROWND
2352,MSI_MENU_WEBBROWSERWND
2353,MSI_MENU_NAVIGATIONWND
2354,MSI_MENU_UAEURLWND
2355,MSI_CLAN_INFOMANAGE
2356,MSI_CLAN_LEVEL
2357,MSI_CLAN_NAME
2358,MSI_CLAN_MARK
2359,MSI_ALLY_CLAN
2360,MSI_HOSTILITY_CLAN
2361,MSI_SEND_TO_CLAN
2362,MSI_CLAN_MASTER_NAME
2363,MSI_CLAN_NUM_MEMBER
2364,MSI_CLAN_MANAGE_LAND
2365,MSI_VIEW_CLAN_MSG
2366,MSI_TWWEB_WARRING
2367,MSI_TWWEB_URL
2368,MSI_STR_MAKECHARACTER
2369,MSI_CHR_DELETE_RESERVED_FAIL_CHARNAME
2370,MSI_CHR_DELETE_RESERVED_INPUTCONFIRMSTR_WND_TITLE
2371,MSI_SELECT_SEX
2372,MSI_SPRITE_ALTER
2373,MSI_CONFIRM_TO_OPEN_EVENT_ITEM
2374,MSI_GAME_SETTING
2375,MSI_SYSTEM_SETTING
2376,MSI_COMMAND_SETTING
2377,MSI_COMMAND_LIST
2378,MSI_MACRO_LIST
2379,MSI_EXCHANGEITEM_DENY_MAP
2380,MSI_CART_USE_DENY_MAP
2381,MSI_BLOCK_SUNMOONSTAR_MIRACLE
2382,MSI_RANKING_BOARD
2383,MSI_RANKING_NUMBER
2384,MSI_RANKING_NAME
2385,MSI_RANKING_POINT
2386,MSI_RANKING_BLACKSMITH
2387,MSI_RANKING_ALCHEMIST
2388,MSI_RANKING_TAEKWON
2389,MSI_RANKING_KILLER
2390,MSI_RANKING_BATTLE_7VS7_ALL
2391,MSI_RANKING_RUNE_KNIGHT
2392,MSI_RANKING_WARLOCK
2393,MSI_RANKING_RANGER
2394,MSI_RANKING_MECHANIC
2395,MSI_RANKING_GUILLOTINE_CROSS
2396,MSI_RANKING_ARCHBISHOP
2397,MSI_RANKING_ROYAL_GUARD
2398,MSI_RANKING_SORCERER
2399,MSI_RANKING_MINSTREL
2400,MSI_RANKING_WANDERER
2401,MSI_RANKING_GENETIC
2402,MSI_RANKING_SHADOW_CHASER
2403,MSI_RANKING_SURA
2404,MSI_RANKING_KAGEROU
2405,MSI_RANKING_OBORO
2406,MSI_RANKING_SELECT
2407,MSI_RANKING_TYPE
2408,MSI_WAITING_FOR_ENTER_TO_CHARACTER_SEVER_IN_SEC
2409,MSI_WAITING_FOR_ENTER_TO_CHARACTER_SEVER_IN_MIN
2410,MSI_CBT_ACTIVE_USER_CHECK
2411,MSI_NAVIGATION_HELP_1
2412,MSI_NAVIGATION_HELP_2
2413,MSI_NAVIGATION_HELP_3
2414,MSI_NAVIGATION_HELP_4
2415,MSI_NAVIGATION_HELP_5
2416,MSI_NAVIGATION_HELP_6
2417,MSI_NAVIGATION_HELP_7
2418,MSI_RANKING_BATTLE_1VS1_ALL
2419,MSI_SHADOW_EQUIPMENT
2420,MSI_CHARACTERERROR_JOB
2421,MSI_NAVIGATION_ALL_S
2422,MSI_NAVIGATION_ALL_SD
2423,MSI_REFUSE_OVER_USERLIMIT
2424,MSI_REFUSE_ERRORCODE
2425,MSI_REFUSE_DISCONNECT_KEEP_TIME
2426,MSI_REFUSE_WEB_AUTH_FAILED
2427,MSI_GUILDNAME_CHECK
2428,MSI_BILLING_CHN_1
2429,MSI_BILLING_CHN_2
2430,MSI_BILLING_CHN_3
2431,MSI_BILLING_CHN_4
2432,MSI_BILLING_CHN_5
2433,MSI_BILLING_CHN_6
2434,MSI_BILLING_CHN_7
2435,MSI_BILLING_CHN_8
2436,MSI_BASIC_EXP_MSG_THAI
2437,MSI_CHN_BILLING_EXPIRE_TIME
2438,MSI_CHN_BLOCK_FOREVER
2439,MSI_CHN_BLOCK
2440,MSI_WORLDMAP_MSG1
2441,MSI_WORLDMAP_MSG2
2442,MSI_WORLDMAP_MSG3
2443,MSI_WORLDMAP_MSG4
2444,MSI_WORLDMAP_MSG5
2445,MSI_WORLDMAP_MSG6
2446,MSI_WORLDMAP_MSG7
2447,MSI_NAVIGATION_MOB_S_S_S
2448,MSI_NAVIGATION_NUM
2449,MSI_NAVIGATION_NUM1
2450,MSI_NAVIGATION_NUM2
2451,MSI_NAVIGATION_NUM3
2452,MSI_NAVIGATION_NUM4
2453,MSI_NAVIGATION_NUM5
2454,MSI_BANK_SYSTEM_ERROR
2455,MSI_BANK_WITHDRAW_NO_MONEY
2456,MSI_BANK_DEPOSIT_NO_MONEY
2457,MSI_BANK_DEPOSIT_ZERO
2458,MSI_BANK_WITHDRAW_ZERO
2459,MSI_BANK_OVER_INT_MAX
2460,MSI_REFUSE_MOTP_LOCK
2461,MSI_REFUSE_MOTP_AUTH_FAIL
2462,MSI_JOBPLUSEXP_VALUE
2463,MSI_BANK_MY_ZENY
2464,MSI_BANK_ZENY
2465,MSI_BANK_WARNING
2466,MSI_NEED_MORE_BULLET
2467,MSI_OVERPRICE_MAX
2468,MSI_NOT_VALID_AUTH_TICKET
2469,MSI_STEAMAGENCY_ERROR
2470,MSI_BASIC_EXP_MSG_INDONESIA
2471,MSI_RECEIVEITEM_VALUE
2472,MSI_RECEIVEITEM_VALUE_1
2473,MSI_WARNING_PRICE1
2474,MSI_WARNING_PRICE2
2475,MSI_WARNING_PRICE3
2476,MSI_WARNING_PRICE4
2477,MSI_WARNING_PRICE5
2478,MSI_WARNING_PRICE6
2479,MSI_WARNING_PRICE7
2480,MSI_AMERICA_CASHSHOP_URL
2481,MSI_AMERICA_CASHSHOP_URL_STEAM
2482,MSI_QUEST_INFO_01
2483,MSI_QUEST_INFO_02
2484,MSI_QUEST_INFO_03
2485,MSI_QUEST_INFO_04
2486,MSI_QUEST_INFO_05
2487,MSI_QUEST_INFO_06
2488,MSI_BANK_CHECK_NUM
2489,MSI_BANK_PROHIBIT
2490,MSI_QUEST_INFO_00
2491,MSI_ITEM_COMPARISON
2492,MSI_WRONG_GUN
2493,MSI_WRONG_BULLET
2494,MSI_BUYINGSTORE_MAKEWND_ADD_GOODS
2495,MSI_ITEM_IN_MAIL_SYSTEM
2496,MSI_GUILD_STORAGE_OPEN_ERROR
2497,MSI_GUILD_STORAGE_OPEN_NO_JOIN_GUILD
2498,MSI_GUILD_STORAGE_WARNING_USING_ANOTHER_MEMBER
2499,MSI_GUILD_STORAGE_PERMISSON
2500,MSI_GUILD_STORAGE_TITLE
2501,MSI_GUILD_STORAGE_PERMISSON_WARNING_MSG
2502,MSI_BARGAINSALE_TOOLWND_TITLE
2503,MSI_BARGAINSALE_TOOLWND_DB_NAME
2504,MSI_BARGAINSALE_TOOLWND_DB_NUMBER
2505,MSI_BARGAINSALE_TOOLWND_SELL_COUNT
2506,MSI_BARGAINSALE_TOOLWND_SELL_STARTTIME
2507,MSI_BARGAINSALE_TOOLWND_SELL_PERIODTIME
2508,MSI_BARGAINSALE_TOOLWND_INPUT_COUNT_MSG
2509,MSI_BARGAINSALE_TOOLWND_INPUT_STARTTIME_MSG
2510,MSI_BARGAINSALE_TOOLWND_WRONG_RANGE_MSG
2511,MSI_BARGAINSALE_TOOLWND_INPUT_PERIODTIME_MSG
2512,MSI_BARGAINSALE_TOOLWND_INPUT_ITEMDBNAME_MSG
2513,MSI_BARGAINSALE_TOOLWND_ITEMID_CHECK_FAILED_MSG
2514,MSI_BARGAINSALE_TOOLWND_RESULT_FORMAT
2515,MSI_BARGAINSALE_TOOLWND_APPLY_SUCCESS_MSG
2516,MSI_BARGAINSALE_TOOLWND_APPLY_FAILED_MSG
2517,MSI_BARGAINSALE_TOOLWND_ALREADY_REGISTERED_MSG
2518,MSI_BARGAINSALE_TOOLWND_DELETE_FAILED_MSG
2519,MSI_BARGAINSALE_TOOLWND_DELETE_SUCCESS_MSG
2520,MSI_BARGAINSALE_CASHSHOP_TAB_NAME
2521,MSI_BARGAINSALE_CASHSHOP_REFRESH_BTN_TOOLTIP
2522,MSI_BARGAINSALE_CASHSHOP_TIMER
2523,MSI_BARGAINSALE_CASHSHOP_REFRESH_MSG
2524,MSI_BARGAINSALE_CASHSHOP_CHECK_COUNT_MSG
2525,MSI_BARGAINSALE_START_MSG
2526,MSI_BARGAINSALE_CLOSE_MSG
2527,MSI_BARGAINSALE_TOOLWND_CALL
2528,MSI_FRANCE_CASHSHOP_URL
2529,MSI_FRANCE_CASHSHOP_URL_STEAM
2530,MSI_PARA_RESULT_TITLE
2531,MSI_PARA_WRONG_PURCHASE_COUNT_MSG
2532,MSI_PARTY_INVITE
2533,MSI_GUILD_INVITE
2534,MSI_PARA_PURCHASE_ITEM_FAIL
2535,MSI_NOWARPSKILL2
2536,MSI_PARA_PURCHASE_ITEM_WEIGHT
2537,MSI_GUILD_STORAGE_NUMBER
2538,MSI_GUILD_STORAGE_ITEM
2539,MSI_GUILD_STORAGE_ITEM_COUNT
2540,MSI_GUILD_STORAGE_USER_NAME
2541,MSI_GUILD_STORAGE_LOG_TIME
2542,MSI_GUILD_STORAGE_ITEM_IN_OUT
2543,MSI_GUILD_STORAGE_LOG_FINISH
2544,MSI_GUILD_STORAGE_LOG_ALL
2545,MSI_GUILD_STORAGE_LOG_IN
2546,MSI_GUILD_STORAGE_LOG_OUT
2547,MSI_GUILD_STORAGE_LOG_WND_NAME
2548,MSI_GUILD_STORAGE_LOG_CAUTION
2549,MSI_GUILD_STORAGE_CLOSE_TIMEOUT
2550,MSI_INCORRECT_GAMESAMBEID
2551,MSI_EA5
2552,MSI_USESKILL_FAIL_COINTS
2553,MSI_USESKILL_FAIL_COINTS_NUM
2554,MSI_FAIL_NEED_EQUIPPED_GUN_GATLING
2555,MSI_FAIL_NEED_EQUIPPED_GUN_SHOTGUN
2556,MSI_FAIL_NEED_EQUIPPED_GUN_RIFLE
2557,MSI_FAIL_NEED_EQUIPPED_GUN_HANDGUN
2558,MSI_FAIL_NEED_EQUIPPED_PROPERTY_SAINT_BULLET
2559,MSI_MERCHANT_SOLD_ITEM_LOG
2560,MSI_MERCHANT_ITEM_BUY_LOG
2561,MSI_FAIL_NEED_EQUIPPED_GUN_GRANADE
2562,MSI_FAIL_DUPLICATE_HEAT_BARREL_GS_MADNESSCANCEL_P_ALTER
2563,MSI_USESKILL_FAIL_MAP
2564,MSI_GUILD_STORAGE_WARNING
2565,MSI_AMERICA_CASHSHOP_URL_GAMESAMBA
2566,MSI_SECOND_PASSWORD_INFO_4
2567,MSI_PET_EVOLUTION
2568,MSI_PET_EVOLUTION_WITH_PET_NAME
2569,MSI_PET_EVOLUTION_NEED_ITEM
2570,MSI_DO_YOU_WANT_TO_EVOLVE_PET
2571,MSI_PET_EVOLUTION_FAIL_UNKNOWN
2572,MSI_PET_EVOLUTION_FAIL_NOTEXIST_CALLPET
2573,MSI_PET_EVOLUTION_FAIL_NOT_PETEGG
2574,MSI_PET_EVOLUTION_FAIL_RECIPE
2575,MSI_PET_EVOLUTION_FAIL_MATERIAL
2576,MSI_PET_EVOLUTION_FAIL_RG_FAMILIAR
2577,MSI_PET_AUTO_FEEDING
2578,MSI_PET_AUTO_FEEDING_REST
2579,MSI_PET_AUTO_FEEDING_ON
2580,MSI_PET_AUTO_FEEDING_OFF
2581,MSI_REFRESH
2582,MSI_TIME_LINE_MINUTE
2583,MSI_TIME_LINE_HOUR
2584,MSI_TIME_LINE_DAY
2585,MSI_BASIC_EXP_MSG_PH
2586,MSI_SEND_MAIL
2587,MSI_MAIL_SENT
2588,MSI_GET_ITEMS_FROM_MAIL_SUCCEED
2589,MSI_GET_ITEMS_FROM_MAIL_FAILED
2590,MSI_GET_ITEMS_FROM_MAIL_OVERWEIGHT
2591,MSI_GET_ZENY_FROM_MAIL_SUCCEED
2592,MSI_GET_ZENY_FROM_MAIL_FAILED
2593,MSI_GET_ZENY_FROM_MAIL_OVERAMOUNT
2594,MSI_SET_ITEMS_TO_MAIL_SUCCEED
2595,MSI_INVALID_MAIL_RECIEVER_INFO
2596,MSI_INVALID_MAIL_TITLE_INFO
2597,MSI_FAILED_SEND_MAIL
2598,MSI_FAILED_SEND_MAIL_ITEM
2599,MSI_FAIELD_SEND_MAIL_TO
2600,MSI_EA6
2601,MSI_PARTY_BOOKING_ERR5R2
2602,MSI_ITEM_WND_OVERFULL
2603,MSI_FAILED_MAIL_LIMIT_CNT
2604,MSI_FAILED_TO_WRITE_MAIL
2605,MSI_JOINED_IN_CLAN
2606,MSI_GOLDPCCAFE_MILEAGE
2607,MSI_PET_EVOLUTION_FAIL_PET_ACC_OFF
2608,MSI_TIME_LINE_MINUTE2
2609,MSI_TIME_LINE_HOUR2
2610,MSI_TIME_LINE_DAY2
2611,MSI_INVALID_CCODE_INFO
2612,MSI_FAILED_DELETE_MAIL
2613,MSI_FAILED_SEND_MAIL_ZENY
2614,MSI_SEND_MAIL_COMMISSION
2615,MSI_FAILE_MAIL_RECIEVER_INFO
2616,MSI_TAIWAN_PERSONALINFO_EXPMSG
2617,MSI_TAIWAN_PERSONALINFO_DROPMSG
2618,MSI_TAIWAN_PERSONALINFO_DEATHMSG
2619,MSI_MILEAGE_HELP
2620,MSI_RESTRAINT_OF_TRADE_1
2621,MSI_RESTRAINT_OF_TRADE_2
2622,MSI_RESTRAINT_OF_TRADE_3
2623,MSI_RESTRAINT_OF_TRADE_4
2624,MSI_RESTRAINT_OF_TRADE_5
2625,MSI_RESTRAINT_OF_TRADE_6
2626,MSI_USESKILL_FAIL_SUMMON_SP_INSUFFICIENT
2627,MSI_SEND_MAIL_WEIGHT
2628,MSI_INVALID_MAIL_CONTENTS_INFO
2629,MSI_SET_ITEMS_TO_MAIL_FAILED
2630,MSI_SET_ITEMS_TO_MAIL_OVER_WEIGHT
2631,MSI_DYNAMICNPC_FAIL_DUPLICATENAME
2632,MSI_FAILED_OPEN_ROULLETTE
2633,MSI_FAILED_CLOSE_ROULLETTE
2634,MSI_FAILED_GENERATE_ROULLETTE
2635,MSI_NOT_ENOUGH_ROULLETTE_POINT
2636,MSI_FAILED_RECV_ITEM
2637,MSI_FAILED_RECV_ITEM_OVERCOUNT
2638,MSI_FAILED_RECV_ITEM_OVERWEIGHT
2639,MSI_MERCHANTSHOP_MAKING_FAIL
2640,MSI_FAILED_CLOSE_ROULLETTEWND
2641,MSI_ROULLETTE_WND
2642,MSI_SOUNDEFFECT_ITEMSELLWND
2643,MSI_FAILED_SEND_MAIL_ITEMS
2644,MSI_CHECK_USER_NAME
2645,MSI_DELETE_DUE_DATE
2646,MSI_ACHIEVEMENT_SYSTEM
2647,MSI_ACHIEVEMENT_TOTAL_SCORE
2648,MSI_ACHIEVEMENT_GRADE
2649,MSI_ACHIEVEMENT_SCORE_REQUIRED_TO_REWARD
2650,MSI_ACHIEVEMENT_SUMMARY_TITLE
2651,MSI_ACHIEVEMENT_RECENT_ACHIEVEMENT
2652,MSI_CASH_GEDARE1
2653,MSI_CASH_GEDARE2
2654,MSI_CASH_GEDARE_FAIL_MONEY
2655,MSI_CASH_GEDARE_MONEY
2656,MSI_ACHIEVEMENT_TAB_SUMMARY
2657,MSI_ACHIEVEMENT_TAB_GENERAL
2658,MSI_ACHIEVEMENT_TAB_GENERAL_CHARACTER
2659,MSI_ACHIEVEMENT_TAB_GENERAL_ACTION
2660,MSI_ACHIEVEMENT_TAB_GENERAL_REST
2661,MSI_ACHIEVEMENT_TAB_ADVENTURE
2662,MSI_ACHIEVEMENT_TAB_ADVENTURE_RUNEMIDGARTS
2663,MSI_ACHIEVEMENT_TAB_ADVENTURE_SCHWARZWALD
2664,MSI_ACHIEVEMENT_TAB_ADVENTURE_ARUNAFELTZ
2665,MSI_ACHIEVEMENT_TAB_ADVENTURE_ANOTHERWORLD
2666,MSI_ACHIEVEMENT_TAB_ADVENTURE_LOCALIZING
2667,MSI_ACHIEVEMENT_TAB_ADVENTURE_DUNGEON
2668,MSI_ACHIEVEMENT_TAB_BATTLE
2669,MSI_ACHIEVEMENT_TAB_BATTLE_PVP
2670,MSI_ACHIEVEMENT_TAB_BATTLE_TRAINING
2671,MSI_ACHIEVEMENT_TAB_QUEST
2672,MSI_ACHIEVEMENT_TAB_QUEST_EPISODE
2673,MSI_ACHIEVEMENT_TAB_QUEST_GENERAL
2674,MSI_ACHIEVEMENT_TAB_MEMORIAL
2675,MSI_ACHIEVEMENT_TAB_MEMORIAL_MIDGARD
2676,MSI_ACHIEVEMENT_TAB_MEMORIAL_ANOTHERWORLD
2677,MSI_ACHIEVEMENT_TAB_MEMORIAL_REST
2678,MSI_ACHIEVEMENT_TAB_ACHIEVEMENT
2679,MSI_ACHIEVEMENT_TAB_TOTAL
2680,MSI_FAIL_ADD_ACHIEVEMENT_TRACING
2681,MSI_NOTICE_COMPLETE_ACHIEVEMENT
2682,MSI_OTPUSER_ONLY
2683,MSI_GET_ROULLETE_PRIZE
2684,MSI_NOTICE_NEXT_ROULLETE_STAGE
2685,MSI_TITLE_EQUIPMENT
2686,MSI_TAKEOFF_TITLE
2687,MSI_GUILD_MAKE_GUILD_NOT_PERMITTED_MAP
2688,MSI_GUILD_DISORGANIZE_GUILD_NOT_PERMITTED_MAP
2689,MSI_GUILD_JOIN_GUILD_NOT_PERMITTED_MAP
2690,MSI_GUILD_LEAVE_GUILD_NOT_PERMITTED_MAP
2691,MSI_GUILD_EXPEL_GUILD_NOT_PERMITTED_MAP
2692,MSI_GUILD_POSITION_CHANGE_NOT_PERMITTED_MAP
2693,MSI_NOT_ENOUGH_SPACE_IN_ITEM_BODY
2694,MSI_JPN_PERSONALINFO_EXPMSG
2695,MSI_JPN_PERSONALINFO_DROPMSG
2696,MSI_JPN_PERSONALINFO_DEATHMSG
2697,MSI_SET_ITEMS_TO_MAIL_OVERCOUNT
2698,MSI_SOUNDEFFECT_ITEMBUYWND
2699,MSI_SET_UNMOVEABLE_ITEM
2700,MSI_RESULT_ALREADY_LOSING_IDX
2701,MSI_RODEX_FOWARD
2702,MSI_RODEX_READ
2703,MSI_RODEX_DELETE
2704,MSI_TAIWAN_CASH_MSG_1
2705,MSI_TAIWAN_CASH_MSG_2
2706,MSI_TAIWAN_CASH_MSG_3
2707,MSI_TAIWAN_CASH_MSG_4
2708,MSI_TAIWAN_CASH_MSG_5
2709,MSI_TAIWAN_CASH_MSG_6
2710,MSI_TAIWAN_CASH_MSG_7
2711,MSI_TAIWAN_CASH_MSG_8
2712,MSI_TAIWAN_CASH_MSG_9
2713,MSI_TAIWAN_CASH_MSG_10
2714,MSI_TAIWAN_CASH_MSG_11
2715,MSI_TAIWAN_CASH_ITEM_BAY_MAG2
2716,MSI_TAIWAN_CASH_WARNING_PRICE6
2717,MSI_TAIWAN_CASH_WARNING_PRICE7
2718,MSI_TAIWAN_CASH_OVERPRICE_MAX
2719,MSI_TAIWAN_CASH_OVERPRICE9999
2720,MSI_TAIWAN_CASH_YOU_HAVE_FREE_ITEM_ON_SHOP
2721,MSI_TAIWAN_CASH_MCSTORE_FAIL_SELLER_MONEY_GIVE
2722,MSI_TAIWAN_CASH_BUYINGSTORE_MAKEWND_REINPUTPRICE
2723,MSI_TAIWAN_CASH_BUYINGSTORE_MAKEWND_ITEMLIST
2724,MSI_TAIWAN_CASH_BUYINGSTORE_MYSHOPWND_LIMITZENY
2725,MSI_TAIWAN_CASH_BUYINGSTORE_MYSHOPWND_ITEMINFO
2726,MSI_TAIWAN_CASH_BUYINGSTORE_TRADE_SELLCOMPLETE
2727,MSI_RODEX_WND
2728,MSI_RODEX_SEND_WND
2729,MSI_RODEX_RECEIVE_WND
2730,MSI_RODEX_CHOOSEWND_FAILED
2731,MSI_ACCESS_DENIED_BY_AUTHSERVER_CONNECTION
2732,MSI_ACCESS_DENIED_BY_BILLSERVER_CONNECTION
2733,MSI_UNEQUIP_ARROW2
2734,MSI_FAILED_MAIL_CAUSE_TO_USE_ITEM
2735,MSI_FAILIED_ONECLICK_ITEMIDENTIFY_NO_MAGNIFIER
2736,MSI_FAILED_UNLOCK_ITEM_DROP_IN_COMPOSE_WND
2737,MSI_FAILED_FRIEND_ADD__ALREADY_REQUEST
2738,MSI_UISCRIPT_ERROR_GUIDE
2739,MSI_UISCRIPT_ERROR_GUIDE_MSG
2740,MSI_TAIWAN_CASH_BUY_RECONFIRM
2741,MSI_MINIMAP_MSG_01
2742,MSI_MINIMAP_MSG_02
2743,MSI_MINIMAP_MSG_03
2744,MSI_MINIMAP_MSG_04
2745,MSI_MINIMAP_MSG_05
2746,MSI_MINIMAP_MSG_06
2747,MSI_MINIMAP_MSG_07
2748,MSI_MINIMAP_MSG_08
2749,MSI_MINIMAP_MSG_09
2750,MSI_MINIMAP_MSG_10
2751,MSI_MINIMAP_MSG_11
2752,MSI_MINIMAP_MSG_12
2753,MSI_MINIMAP_MSG_13
2754,MSI_MINIMAP_MSG_14
2755,MSI_MINIMAP_MSG_15
2756,MSI_EA7
2757,MSI_EA8
2758,MSI_EA9
2759,MSI_EA10
2760,MSI_EA11
2761,MSI_EA12
2762,MSI_TAIWAN_CASH_LEMITEMIN
2763,MSI_DRESSROOM_HEARCOLOR
2764,MSI_DRESSROOM_HEARSTYLE
2765,MSI_DRESSROOM_BODYCOLOR
2766,MSI_DRESSROOM_BODYSTYLE
2767,MSI_MINIMAP_MSG_16
2768,MSI_BANK_MAX_MONEY
2769,MSI_BANK_MIN_MONEY
2770,MSI_BANK_0_MONEY
2771,MSI_BANK_1
2772,MSI_BANK_2
2773,MSI_BANK_3
2774,MSI_BANK_4
2775,MSI_BANK_5
2776,MSI_BANK_6
2777,MSI_BANK_7
2778,MSI_BANK_MAX
2779,MSI_BANK_NOMSG
2780,MSI_BANK_0_MINI
2781,MSI_BANK_1_MINI
2782,MSI_BANK_2_MINI
2783,MSI_BANK_3_MINI
2784,MSI_BANK_4_MINI
2785,MSI_BANK_5_MINI
2786,MSI_BANK_6_MINI
2787,MSI_BANK_7_MINI
2788,MSI_ITEMMOVEINFO_DROP
2789,MSI_ITEMMOVEINFO_STORE
2790,MSI_ITEMMOVEINFO_CART
2791,MSI_ITEMMOVEINFO_MAIL
2792,MSI_ITEMMOVEINFO_EXCHANGEWND
2793,MSI_ITEMMOVEINFO_AUCTION
2794,MSI_ITEMMOVEINFO_STOREOFGUILD
2795,MSI_ITEMMOVEINFO_TONPC
2796,MSI_ITEMMOVEINFO_BTN
2797,MSI_CREATE_CHARACTER
2798,MSI_UNEQUIP_ARROW3
2799,MSI_REFUSE_MDENGEON_IS_FULL
2800,MSI_ERROR_MDENGEON_IS_FULL
2801,MSI_INFORMATION_USA
2802,MSI_INFORMATION_USA_DEATH
2803,MSI_PERVENT_DUPLICATEUSE_ITEM
2804,MSI_PERVENT_DUPLICATEUSE_EFSTITEM
2805,MSI_QUAKE_EFFECT_ON
2806,MSI_QUAKE_EFFECT_OFF
2807,MSI_GAMEHACK_DETECT2
2808,MSI_SEND_RODEX
2809,MSI_USA_PERSONALINFO_EXP
2810,MSI_USA_PERSONALINFO_DROP
2811,MSI_USA_PERSONALINFO_DEATH
2812,MSI_NOT_USING_TAG_TO_NAME
2813,MSI_STYLING_SHOP
2814,MSI_STYLING_SHOP_NEED_COUPON
2815,MSI_STYLING_SHOP_OPEN_COUPON
2816,MSI_STYLING_SHOP_DELETE_CHAR
2817,MSI_STYLING_SHOP_FAIL_TO_ADD_CHAR_TO_LIKE
2818,MSI_STYLING_SHOP_ADJUST_NEW_CHAR_STYLE
2819,MSI_STYLING_SHOP_REGISTER_BOOKMARK
2820,MSI_STYLING_SHOP_SUGGEST_TO_GO_TO_BANK
2821,MSI_ASK_MOVE_BY_PRIVATE_AIRPLANE
2822,MSI_PRIVATE_AIRPLANE_FAIL_LOCALIZING
2823,MSI_PRIVATE_AIRPLANE_FAIL_OTHERWORLD
2824,MSI_PRIVATE_AIRPLANE
2825,MSI_PRIVATE_AIRPLANE_FAIL_UNKNOWN
2826,MSI_PRIVATE_AIRPLANE_FAIL_PAYMENT_ZENY
2827,MSI_PRIVATE_AIRPLANE_FAIL_PAYMENT_ITEM
2828,MSI_PRIVATE_AIRPLANE_FAIL_LEVEL
2829,MSI_PRIVATE_AIRPLANE_FAIL_MAP
2830,MSI_RESULT_FAIL_USING_MAP
2831,MSI_STYLING_SHOP_ACCESSORYWND
2832,MSI_STYLING_SHOP_2NDCOSTUMEWND
2833,MSI_STYLING_SHOP_LIKELISTWND
2834,MSI_STYLING_SHOP_IS_NOT_COLORING_HEAD
2835,MSI_STYLING_SHOP_OPENING_COMMENT
2836,MSI_STYLING_SHOP_SUCCESS
2837,MSI_STYLING_SHOP_BASICSTYLE
2838,MSI_UPGRADESKILLERROR_MORE_BASE_LEVEL
2839,MSI_NOT_USING_SPECIALLETTERS_ON_PARTYNAME
2840,MSI_SKILL_FAIL_MHP_TOO_FEW
2841,MSI_SKILL_FAIL_MSP_TOO_FEW
2842,MSI_INVENTORY_ITEM_COMPARE
2843,MSI_INVENTORY_ITEM_DROP_LOCK
2844,MSI_NOT_ADDING_SCREENSHOT
2845,MSI_CONNECT_SNS_WND
2846,MSI_RODEX_GENERAL
2847,MSI_RODEX_NOTICE
2848,MSI_RODEX_RETURN
2849,MSI_RODEX_REFRESH
2850,MSI_RODEX_DELETE_TIME_MINUTE
2851,MSI_RODEX_DELETE_TIME_HOUR
2852,MSI_RODEX_DELETE_TIME_DAY
2853,MSI_RODEX_RETURNED
2854,MSI_RODEX_DELETE_SELECT_MAIL
2855,MSI_MINIMAP_TIP_POS_ON
2856,MSI_MINIMAP_TIP_ZOOM_IN
2857,MSI_MINIMAP_TIP_ZOOM_OUT
2858,MSI_MINIMAP_TIP_MAP_VIEW
2859,MSI_MINIMAP_TIP_WORLD_VIEW
2860,MSI_INVENTORY_NUMBER_OF_ITEM
2861,MSI_MINIMAP_BUTTON_ONOFF
2862,MSI_MINIMAP_BUTTON_ON
2863,MSI_MINIMAP_BUTTON_OFF
2864,MSI_GUILD_MEMBERLIST_SORT
2865,MSI_WRITE_PET_RELATION_SHIP
2866,MSI_PET_RELATION_SHIP_UNKNOWN
2867,MSI_PARTYNAME
2868,MSI_PARTYMASTER
2869,MSI_MACRO_DETECTOR_TIME_OVER
2870,MSI_MACRO_DETECTOR_WRONG_ANSWER
2871,MSI_MACRO_DETECTOR_CORRECT_ANSWER
2872,MSI_MACRO_INPUT_ANSWER
2873,MSI_MACRO_CHECK_ANSWER
2874,MSI_MACRO_SELECT_CAPTCHA
2875,MSI_MACRO_DETECTOR_WRONG_ANSWER_REMAIN_CNT
2876,MSI_MACRO_REPORTER
2877,MSI_MACRO_SEND_MACRO
2878,MSI_MACRO_REGISTER_DATA
2879,MSI_MACRO_ALREADY_DETECTING
2880,MSI_MACRO_COMPLETE_REGISTER_CAPTCHA
2881,MSI_MACRO_FAILED_REGISTER_CAPTCHA
2882,MSI_MACRO_FAILED_REGISTER_ANSWER
2883,MSI_MACRO_DETECTOR_NOTICE1
2884,MSI_MACRO_DETECTOR_NOTICE2
2885,MSI_MACRO_DETECTOR_NOTICE3
2886,MSI_MACRO_DETECTOR_REMAIN_COUNT
2887,MSI_MACRO_REPORTER_SELECT_MODE_CHAR
2888,MSI_MACRO_REPORTER_SELECT_MODE_CELL
2889,MSI_MACRO_REPORTER_TOOLTIP_CHAR
2890,MSI_MACRO_REPORTER_TOOLTIP_CELL
2891,MSI_MACRO_REPORTER_TOOLTIP_RANGE
2892,MSI_TAIWANSS_PERSONALINFO_EXPMSG
2893,MSI_TAIWANSS_PERSONALINFO_DROPMSG
2894,MSI_TAIWANSS_PERSONALINFO_DEATHMSG
2895,MSI_WRITE_RODEX_DIFFERENT_RECEIVER_NAME
2896,MSI_LAPINE_INGREDIENT_TO_COMBINE
2897,MSI_LAPINE_FAIL_NOT_ENOUGH_ITEM
2898,MSI_LAPINE_FAIL_NOT_ENOUGH_ITEM_COUNT
2899,MSI_LAPINE_FAIL_NOT_ENOUGH_REFINING_LEVEL
2900,MSI_REGISTER_PARTY_TO_BOOKINGSYSTEM
2901,MSI_INPUT_FREE_MESSAGE
2902,MSI_CAPTCHA_INPUT_ANSWER
2903,MSI_CAPTCHA_REMAIN_TIME
2904,MSI_GOOGLE_OTP_INPUT_CODE
2905,MSI_GOOGLE_OTP_AUTH_CODE
2906,MSI_GOOGLE_OTP_MSG
2907,MSI_RODEX_DELETED_MAIL
2908,MSI_SELECT_AREA_BY_PRIVATE_AIRPLANE
2909,MSI_THAI_PERSONALINFO_EXP
2910,MSI_THAI_PERSONALINFO_DROP
2911,MSI_THAI_PERSONALINFO_DEATH
2912,MSI_FLOATING_PRIVATE_AIRPLANE
2913,MSI_NOT_FOUND_USER_AI
2914,MSI_BASIC_EXP_MSG_BRZ2
2915,MSI_ASSISTANT_VENDING_POS
2916,MSI_DORAM_CANT_EQUIT_THIS
2917,MSI_SEND_PURCHASES_BY_RODEX
2918,MSI_BUTTON_PAY_BY_ZENY
2919,MSI_BUTTON_PAY_BY_CAN
2920,MSI_CANNOT_ACCESS_BY_WEIGHTOVER_80
2921,MSI_SEND_REST_ITEMS_BY_RODEX
2922,MSI_BUTTON_EQUIP_PREVIEW
2923,MSI_CHANGE_GUILD_MASTER
2924,MSI_CONFIRM_CHANGING_GUILD_MASTER
2925,MSI_WITHDRAWAL
2926,MSI_SHOP_WITHDRAWAL
2927,MSI_REMAIN_TIME
2928,MSI_LIMIT_USER
2929,MSI_LIMIT_USER_MSG
2930,MSI_SELECT_SHOP_POSITION
2931,MSI_CHANGE_PETNAME
2932,MSI_STORE_ASSISTANT_TRADE_DATE
2933,MSI_STORE_ASSISTANT_TRADE_ITEM
2934,MSI_STORE_ASSISTANT_TRADE_CNT
2935,MSI_STORE_ASSISTANT_TRADE_PRICE
2936,MSI_STORE_ASSISTANT_TRADE_PAYMENT
2937,MSI_STORE_ASSISTANT_TRADE_TITLE1
2938,MSI_STORE_ASSISTANT_TRADE_TITLE2
2939,MSI_STORE_ASSISTANT_TRADE_TITLE3
2940,MSI_STORE_ASSISTANT_TRADE_TITLE4
2941,MSI_STORE_ASSISTANT_TRADE_REST_ZENY
2942,MSI_STORE_ASSISTANT_TRADE_REST_ITEM
2943,MSI_STORE_ASSISTANT_EMPLOYMENT
2944,MSI_STORE_ASSISTANT_RETURN_ITEM
2945,MSI_STORE_ASSISTANT_RETURN_CNT
2946,MSI_STORE_ASSISTANT_REUTRN_DATE
2947,MSI_STORE_ASSISTANT_SEND_SELLS_BY_RODEX
2948,MSI_CANNOT_USE_NAME
2949,MSI_STYLING_SHOP_ARRIVE_GOODS
2950,MSI_STYLING_SHOP_THANK_YOU
2951,MSI_CANNOT_SELL_IN_PRIVATE_TAB
2952,MSI_LOCK_SELL_IN_PRIVATE_TAB
2953,MSI_NOTFOUND_CALLPOSITION
2954,MSI_CONNECT_SNS_WHOLE_SCREEN_SHOT
2955,MSI_CONNECT_SNS_PART_SCREEN_SHOT
2956,MSI_CONNECT_SNS_SEND
2957,MSI_BABY_INDEPENDENCE_RODEX_SENDER
2958,MSI_BABY_INDEPENDENCE_RODEX_TITLE
2959,MSI_BABY_INDEPENDENCE_RODEX_CONTENTS
2960,MSI_EQUIPMENT
2961,MSI_CONNECT_SNS_DO_NOT_EXIST_IMAGE
2962,MSI_BLOCK_CALL
2963,MSI_IMPOSSIBLE_CHANGE_GUILD_MASTER_IN_SIEGE_TIME
2964,MSI_IMPOSSIBLE_CHANGE_GUILD_MASTER_NOT_TIME
2965,MSI_SUGGEST_BABY3
2966,MSI_REFINING
2967,MSI_USING_BLACKSMITH_BLESSING
2968,MSI_NOTENOUGH_ZENY
2969,MSI_NOTENOUGH_BLACKSMITH_BLESSING
2970,MSI_CANNOT_REFINE_ITEM
2971,MSI_REFINING_SUCCESS
2972,MSI_REFINING_FAIL
2973,MSI_RETURN
2974,MSI_SUCCESS
2975,MSI_RESET
2976,MSI_MANUFACTURED_MARRIAGERING_ITEM
2977,MSI_CHANGE_HOMUN_NAME
2978,MSI_BLOCK_CALL_PERMIT
2979,MSI_BLOCK_CALL_REJECT
2980,MSI_BLOCK_CALL_NOTIFY
2981,MSI_RESULT_FAIL_ASSISTANT
2982,MSI_USESKILL_FAIL_EXIST_STORE_ASSISTANT
2983,MSI_RESULT_FAILED_ASSISTANT_POS
2984,MSI_RESULT_FAILED_ASSISTANT_POS_CHARACTER
2985,MSI_FAILED_PET_AUTO_FEEDING_CLOSE_RODEX
2986,MSI_SWAP_EQUIPITEM_EQUIPMENTSET
2987,MSI_SWAP_EQUIPITEM_EQUIP
2988,MSI_REFINING_FAIL_ITEM_DISAPPEAR
2989,MSI_REFINING_FAIL_ITEM_DOWMGRADE
2990,MSI_REFINING_FAIL_ITEM_DISAPPEAR_OR_ITEM_DOWNGRADE
2991,MSI_CLOSE_RODEX_FOR_REFINING
2992,MSI_CANNOT_OPEN_RODEX_DURING_REFINING
2993,MSI_REFINING_FAIL_CLOSE_UI
2994,MSI_AURA_EFFECT_ON
2995,MSI_AURA_EFFECT_OFF
2996,MSI_ALREADY_AURA_EFFECT_OFF
2997,MSI_USESKILL_FAIL_NEED_MORE_BULLET_CNT
2998,MSI_SWAP_EQUIPITEM_DO_SWAP
2999,MSI_SWAP_EQUIPITEM_FAIL_DEAD
3000,MSI_SWAP_EQUIPITEM_FAIL_CASTING
3001,MSI_SWAP_EQUIPITEM_FAIL_DEAL
3002,MSI_SWAP_EQUIPITEM_FAIL_MERCHANTSHOP
3003,MSI_SWAP_EQUIPITEM_FAIL_USE_NPC
3004,MSI_SWAP_EQUIPITEM_FAIL_CHAT
3005,MSI_MDUNGEON_CREATE_FAIL_PARTY_ONLINE
3006,MSI_USESKILL_FAIL_NEED_MORE_ARROW_CNT
3007,MSI_SORT_ITEM
3008,MSI_SWAP_EQUIPITEM_CLOSE_WND
3009,MSI_SWAP_EQUIPITEM_FAIL_NO_ITEM
3010,MSI_BABY_INDEPENDENCE_RODEX_ERASED
3011,MSI_TIME_TYPE4
3012,MSI_LAST_LOGIN
3013,MSI_CLOSE_BANKING_FOR_REFINING
3014,MSI_CANNOT_OPEN_BANKING_DURING_REFINING
3015,MSI_SWAP_EQUIPITEM_UNREGISTER_FIRST
3016,MSI_NEWMAKECHAR_HUMAN
3017,MSI_NEWMAKECHAR_HUMANJOB
3018,MSI_NEWMAKECHAR_DORAM
3019,MSI_NEWMAKECHAR_DORAMJOB
3020,MSI_NEWMAKECHAR_HUMANINFO
3021,MSI_NEWMAKECHAR_DORAMINFO
3022,MSI_PICKUP_FAILED_ITEMCREATE
3023,MSI_CASH_MARK1
3024,MSI_CASH_MARK2
3025,MSI_ANOTHER_WORKING
3026,MSI_OVERHEAT_LIMIT_POINT
3027,MSI_CANNOT_JOIN_AND_LEAVE_PARTY_IN_MAKING_MEMORIALDUNGEON
3028,MSI_ERROR_INCLUDE_VALGARISM
3029,MSI_MUST_ID_EXCEED_CHAR
3030,MSI_MUST_PASSWORD_EXCEED_CHAR
3031,MSI_BANK_SYSTEM_BUSY
3032,MSI_BASIC_EXP_MSG2_EXCEPT_PREMIUM
3033,MSI_SWAP_EQUIPITEM_CANNOT_ADD_ITEM
3034,MSI_DAILYSENDRODEXCNT_LIMIT
3035,MSI_MAX_WEIGHT_IN_RODEX_CLIENT
3036,MSI_TW_ENABLE_SECOND_PASSWD
3037,MSI_EMBLEM_CHANGE
3038,MSI_TWITTER_TAG
3039,MSI_TWITTER_CAUTION
3040,MSI_SWAP_FAIL_SWAP
3041,MSI_CALLING_USERNAME
3042,MSI_MSG_IS_ILLEGAL_MSG
3043,MSI_PARA_PURCHASE_ITEM_FAIL2
3044,MSI_CHR_DELETE_FAIL_CHN_TAREN_PERSONALNUMBER
3045,MSI_CLOSE
3046,MSI_RULE
3047,MSI_ZENY_LOTTO_BUY_1
3048,MSI_ZENY_LOTTO_BUY_10
3049,MSI_ZENY_LOTTO_BUY_100
3050,MSI_ZENY_LOTTO_WIN_1ST
3051,MSI_ZENY_LOTTO_WIN_2ND
3052,MSI_ZENY_LOTTO_WIN_3RD
3053,MSI_DONOT_USE_1
3054,MSI_DONOT_USE_2
3055,MSI_ZENY_LOTTO_PRIZE_WINNER
3056,MSI_ZENY_LOTTO_TOTAL_ZENY
3057,MSI_ZENY_LOTTO_TOTAL_CHARACTER
3058,MSI_WINNER_1ST
3059,MSI_WINNER_2ND
3060,MSI_WINNER_3RD
3061,MSI_ZENY_LOTTO_REWARD_ITEM
3062,MSI_ZENY_LOTTO_ASK_PURCHASE
3063,MSI_ZENY_LOTTO_RESULT_SUCCESS
3064,MSI_ZENY_LOTTO_RESULT_FAIL_ZENY
3065,MSI_ZENY_LOTTO_RESULT_FAIL_COUNT
3066,MSI_ID_YES
3067,MSI_ID_NO
3068,MSI_BASICINFO_HP
3069,MSI_BASICINFO_SP
3070,MSI_BASICINFO_LEVEL
3071,MSI_BASICINFO_JOBLEVEL
3072,MSI_BASICINFO_EXP
3073,MSI_ALL_ON
3074,MSI_REPLAY_BTN_TOOLTIP
3075,MSI_SIMPLECASH_P
3076,MSI_SIMPLECASH_TOTAL
3077,MSI_REPLAY_BASICINFO
3078,MSI_REPLAY_EQUIP
3079,MSI_REPLAY_ITEM
3080,MSI_REPLAY_SKILL
3081,MSI_REPLAY_GUILD
3082,MSI_REPLAY_PARTY
3083,MSI_REPLAY_CHATTING
3084,MSI_REPLAY_SHORTCUT
3085,MSI_REPLAY_STATUS
3086,MSI_REPLAY_ALL
3087,MSI_REPLAY_USER_DEFINED_FILE_NAME
3088,MSI_REPLAY_REPEATED_FILE_CHECK
3089,MSI_ON
3090,MSI_BASIC_SKIN
3091,MSI_BASIC_SELECT_SKIN
3092,MSI_RESULT_FAIL_ZENYLOTTO
3093,MSI_ACHIEVEMENT_COMMAND
3094,MSI_ZENY_LOTTO_RODEX_SENDER
3095,MSI_ZENY_LOTTO_RODEX_WINNER_TITLE
3096,MSI_ZENY_LOTTO_RODEX_WINNER_CONTENTS
3097,MSI_ZENY_LOTTO_RODEX_PURCHASE_TITLE
3098,MSI_ZENY_LOTTO_RODEX_PURCHASE_CONTENTS
3099,MSI_ZENY_LOTTO_RODEX_REFUND_TITLE
3100,MSI_ZENY_LOTTO_RODEX_REFUND_CONTENTS
3101,MSI_ADD_MINI_PARTYWND
3102,MSI_DELETE_MINI_PARTYWND
3103,MSI_ZENY_LOTTO_SELL_END
3104,MSI_DATE_MM_DD
3105,MSI_ACHIEVEMENT_NEXT_GRADE
3106,MSI_THE_WHOLE
3107,MSI_INCOMPLETE
3108,MSI_ZENY_LOTTO_ACHIEVE
3109,MSI_ZENY_LOTTO_ACHIEVE_FAIL
3110,MSI_SWAP_EQUIPITEM
3111,MSI_SWAP_EQUIPITEM_CHANGE
3112,MSI_DESC_STR2
3113,MSI_DESC_AGI2
3114,MSI_DESC_VIT2
3115,MSI_DESC_INT2
3116,MSI_DESC_DEX2
3117,MSI_DESC_LUK2
3118,MSI_DESC_ATK2
3119,MSI_DESC_DEF2
3120,MSI_DESC_HIT2
3121,MSI_DESC_CRI2
3122,MSI_DESC_GUILD2
3123,MSI_DESC_POINT2
3124,MSI_DESC_MATK2
3125,MSI_DESC_MDEF2
3126,MSI_DESC_FLEE2
3127,MSI_DESC_ASPD2
3128,MSI_HOTKEY_GUIDE
3129,MSI_OPTION
3130,MSI_SKILL_HOTKEY_F1_F9
3131,MSI_IMAGE_CAPTURE
3132,MSI_ZOOM_IN
3133,MSI_ZOOM_OUT
3134,MSI_GUILD
3135,MSI_BANK
3136,MSI_MAIL
3137,MSI_CASHSHOP
3138,MSI_SIT
3139,MSI_MOVE
3140,MSI_ROTATE
3141,MSI_CONNOT_LEAVE_MASTER
3142,MSI_STOP_VIDEO
3143,MSI_ITEM_IS_SWAP_EQUIPED
3144,MSI_ITEM_IS_SWAP_REMOVED
3145,MSI_CANNOT_MOVE_MINI_PARTYWND
3146,MSI_BASIC_EXP_MSG_FRA
3147,MSI_CHINESE_CHARACTER
3148,MSI_HOTKEY_SETTING
3149,MSI_EXPIRED_DATE
3150,MSI_NOT_FOUND_REPLAY_FILE
3151,MSI_STORE_TABNAME_7
3152,MSI_STORE_TABNAME_8
3153,MSI_STORE_TABNAME_9
3154,MSI_STORE_TABNAME_10
3155,MSI_STORE_TABNAME_11
3156,MSI_STORE_TABNAME_12
3157,MSI_ORDER
3158,MSI_GENERAL_EQUIPMENT_TOOLTIP
3159,MSI_SHADOW_EQUIPMENT_TOOLTIP
3160,MSI_TITLE_EQUIPMENT_TOOLTIP
3161,MSI_HELP_QUAKE_ONOFF
3162,MSI_HELP_AURA_EFFECT_OFF
3163,MSI_GRAPHIC_SETTING_TAB_BASIC
3164,MSI_GRAPHIC_SETTING_TAB_ADVANCED
3165,MSI_GRAPHIC_SETTING_TOOLTIP_RESET
3166,MSI_GRAPHIC_SETTING_WARNING_RESET
3167,MSI_GRAPHIC_SETTING_APPLY
3168,MSI_GRAPHIC_SETTING_WARNING_RESTART
3169,MSI_GRAPHIC_SETTING_FOG_CHECK
3170,MSI_GRAPHIC_SETTING_SIMPLE_AURA_CHECK
3171,MSI_GRAPHIC_SETTING_AURA_OFF_CHECK
3172,MSI_GRAPHIC_SETTING_EFFECT_CHECK
3173,MSI_GRAPHIC_SETTING_LIGHTMAP_CHECK
3174,MSI_GRAPHIC_SETTING_NOSHIFT_CHECK
3175,MSI_GRAPHIC_SETTING_TOOLTIP_DEVICE
3176,MSI_GRAPHIC_SETTING_TOOLTIP_RESOLUTION
3177,MSI_GRAPHIC_SETTING_FULLSCREEN_CHECK
3178,MSI_GRAPHIC_SETTING_MOUSE_EXCLUSIVE_CHECK
3179,MSI_GRAPHIC_SETTING_EFFECT_SET
3180,MSI_GRAPHIC_SETTING_CONTROL_SET
3181,MSI_GRAPHIC_SETTING_DEVICE_SET
3182,MSI_GRAPHIC_SETTING_RESOLUTION_SET
3183,MSI_GRAPHIC_SETTING_FULLSCREEN_SET
3184,MSI_GRAPHIC_SETTING_MOUSE_SET
3185,MSI_STORE_ASSISTANT_TRADE_FEE
3186,MSI_STORE_ASSISTANT_TRADE_TOTAL_FEE
3187,MSI_CHATWND_RECEIVER_LIST
3188,MSI_CHATWND_RECEPTIVE_GROUP_LIST
3189,MSI_CHATWND_CHANGE_SIZE
3190,MSI_RODEX_DOWNLOADING
3191,MSI_RODEX_NOW_LOADING
3192,MSI_RODEX_TITLE
3193,MSI_RODEX_SENDER
3194,MSI_CLOSE_SETUP
3195,MSI_OPEN_COMMAND_LIST_WND
3196,MSI_TAREN_LOGINREFUSE_FAIL_ACCOUNT_NOTEXIST
3197,MSI_TAREN_LOGINREFUSE_FAIL_PASSWORD
3198,MSI_TAREN_LOGINREFUSE_FAIL_IP
3199,MSI_TAREN_LOGINREFUSE_FAIL_PERSONALNUMBER
3200,MSI_TAREN_LOGINREFUSE_FAIL_ACCOUNT_BLOCK
3201,MSI_TAREN_LOGINREFUSE_FAIL_SYSTEM
3202,MSI_TAREN_LOGINREFUSE_FAIL_UNKNOWN
3203,MSI_NAVIGATION_ICONTITEL
3204,MSI_NAVIGATION_RUITELISTTITEL
3205,MSI_NAVIGATION_ROADLISTVIEW
3206,MSI_NAVIGATION_SHARETIP
3207,MSI_NAVIGATION_SEARCH_01
3208,MSI_NAVIGATION_SEARCHTORUITE
3209,MSI_NAVIGATION_SHARE_DESC
3210,MSI_NAVIGATION_SEARCH_02
3211,MSI_NAVIGATION_ICONTIP
3212,MSI_NAVIGATION_SERVICETIP
3213,MSI_WORLDMAP_NAVIGATION_SET
3214,MSI_TAREN_LOGINREFUSE_FAIL_NOTACTIVATED
3215,MSI_NAVIGATION_V4_HELP
3216,MSI_NAVIGATION_V4_HELP01
3217,MSI_NAVIGATION_V4_HELP02
3218,MSI_NAVIGATION_V4_HELP03
3219,MSI_GOT_EXPERIENCE_POINT_INT64
3220,MSI_NOTIFY_EXP_INT64
3221,MSI_CHARGE_FEE_HELP
3222,MSI_METCHANT_SHOP_PRICE_INCLUDED_CHARGE_FEE
3223,MSI_WARNING_METCHANT_SHOP_SELL
3224,MSI_WARNING_METCHANT_SHOP_BUY
3225,MSI_MAKE_CHAT_ROOM
3226,MSI_CANNOT_JOIN_CHARACTER_HAVING_LOW_SKILL
3227,MSI_NOTIFY_JOBEXP_INT64
3228,MSI_GOT_JOB_EXPERIENCE_POINT_INT64
3229,MSI_MERCHANTSHOP_FAIL_POSITION
3230,MSI_SWAP_EQUIPITEM_WAITING
3231,MSI_PARTYMEMBER
3232,MSI_CONNECT_SNS_FAIL_SEND
3233,MSI_CONNECT_SNS_FAIL_CONNECT
3234,MSI_CONNECT_SNS_FAIL_CUZ_NOT_CONNECTING
3235,MSI_CONNECT_NOT_HAVE_URL
3236,MSI_GET_OFF_MINI_PARTYWND
3237,MSI_SALESTORE_MYSHOPWND_TITLE
3238,MSI_TIPBOX
3239,MSI_MENUICON_TIPBOX
3240,MSI_CONNECT_SNS_SUCCESS_SEND
3241,MSI_AGAIN
3242,MSI_REFINING_AGAIN_FAILED_INGREDIENT_CHANGED
3243,MSI_REFINING_AGAIN_FAILED_LACK_OF_INGREDIENT
3244,MSI_REFINING_AGAIN_FAILED_LACK_OF_MONEY
3245,MSI_REFINING_AGAIN_FAILED_LACK_OF_BLACKSMITHBLESSING
3246,MSI_REFINING_FAIL_BROKEN_ITEM
3247,MSI_NPC_ALL_STAT_DOWN
3248,MSI_NPC_ALL_STAT_DOWN_RESET
3249,MSI_OTP_MUST_8_CHAR
3250,MSI_ACCOUNTCLASS_INTEGRATION
3251,MSI_ACCOUNTCLASS_RAGNAROK
3252,MSI_FAIL_SERVICE_CHECKING_ERROR
3253,MSI_ENTER_THE_SEARCH_WORD
3254,MSI_MOTP
3255,MSI_AUTHORIZATION_CODE
3256,MSI_ENTER_YOUR_AUTHENTICATION_NUMBER
3257,MSI_PARTY_DO_YOU_WANT_BREAKING_UP
3258,MSI_SERVER_PROPERTY_ADULT_NO_COUNT
3259,MSI_SERVER_PROPERTY_PAY_NO_COUNT
3260,MSI_SERVER_PROPERTY_FREE_NO_COUNT
3261,MSI_SERVER_USERCOUNT_STATE_NICE
3262,MSI_SERVER_USERCOUNT_STATE_NORMAL
3263,MSI_SERVER_USERCOUNT_STATE_BUSY
3264,MSI_SERVER_USERCOUNT_STATE_VERY_BUSY
3265,MSI_MENUICON_MAP
3266,MSI_WORLDSTORE_ONLY_INVENTORY
3267,MSI_WORLDSTORE_PUT_BLOCK_PETEGG
3268,MSI_WORLDSTORE_PUT_BLOCK_MANUFACTUREDITEM
3269,MSI_WORLDSTORE_OUT_BLOCK
3270,MSI_MEMORIAL_DUN_DESTROY
3271,MSI_BROADCASTING_REFINING_SUCCESS_LEVEL_9
3272,MSI_BROADCASTING_REFINING_FAIL_LEVEL_9
3273,MSI_PARTY_NOT_LEAVE_PARTY_UNTIL_YIELD_PARTYMASTER
3274,MSI_ASCENDING_ORDER
3275,MSI_DESENDING_ORDER
3276,MSI_DEFAULT
3277,MSI_CHEATDEFENDER_FILE_CHECK_FAIL
3278,MSI_ITEMMOVERESTRICT_WHITELIST
3279,MSI_HOMUN_SELF_FEEDING
3280,MSI_FAILED_HOMUN_SELF_FEEDING_CLOSE_RODEX
3281,MSI_HOMUN_SELF_FEEDING_REST
3282,MSI_HOMUN_SELF_FEEDING_ON
3283,MSI_HOMUN_SELF_FEEDING_OFF
3284,MSI_HOMUN_SELF_FEEDING_EXP_INFORMATION
3285,MSI_REFINING_RATE
3286,MSI_HOMUN_TARGET_IS_NOT_HOMUN_TARGET
3287,MSI_HOMUN_TARGET_NOT_EXIST_HOMUN_TARGAT
3288,MSI_CASHSHOP_SALE_LIST
3289,MSI_CASHSHOP_BUY_LIST
3290,MSI_CASHSHOP_TAB_NEW
3291,MSI_CASHSHOP_TAB_HOT
3292,MSI_CASHSHOP_TAB_LIMITED
3293,MSI_CASHSHOP_TAB_LEASE
3294,MSI_CASHSHOP_TAB_PERMANENT
3295,MSI_CASHSHOP_TAB_BUFF
3296,MSI_CASHSHOP_TAB_RECOVERY
3297,MSI_CASHSHOP_TAB_ETC
3298,MSI_CASHSHOP_TAB_BARGAIN
3299,MSI_CASHSHOP_CASH_CHARGE
3300,MSI_CASHSHOP_ITEM_BUY
3301,MSI_CASHSHOP_CASH_CHARGE_ADDRESS
3302,MSI_ITEM_SEARCH
3303,MSI_CASHSHOP_FREE_POINT
3304,MSI_CASHSHOP_FREE_POINT_TO_USE
3305,MSI_CASHSHOP_CASH_POINT
3306,MSI_CASHSHOP_REFRESH
3307,MSI_STAR_EMPEROR_F
3308,MSI_SOUL_REAPER_F
3309,MSI_STAR_EMPEROR_M
3310,MSI_SOUL_REAPER_M
3311,MSI_NO_RECOVER_OVERWEIGHT2
3312,MSI_CASHSHOP_CANNOT_BUY_OVER
3313,MSI_OUTSIDE_CASHSHOP_LINK
3314,MSI_USA_LOGINERRORMSG_UNKNOWN
3315,MSI_USA_LOGINERRORMSG_NOT_USER
3316,MSI_USA_LOGINERRORMSG_ID_BLOCK
3317,MSI_USA_LOGINERRORMSG_ID_INACTIVAT
3318,MSI_USA_LOGINERRORMSG_PASSWORD
3319,MSI_USA_LOGINERRORMSG_EMAIL_CERT
3320,MSI_USA_LOGINERRORMSG_PAYPAL_BLOCK1
3321,MSI_USA_LOGINERRORMSG_COUNTRY_REJECT
3322,MSI_USA_LOGINERRORMSG_PAYPAL_BLOCK2
3323,MSI_USA_LOGINERRORMSG_WEB_BLOCK
3324,MSI_USA_LOGINERRORMSG_AGE
3325,MSI_USA_LOGINERRORMSG_PASSWORD_CHANGE
3326,MSI_USA_LOGINERRORMSG_INPUTDATA
3327,MSI_USA_LOGINERRORMSG_DATABASE
3328,MSI_USA_LOGINERRORMSG_SYSTEM
3329,MSI_PAY_BY_ITEM
3330,MSI_PRIVATE_AIRPLANE_PAYMENT
3331,MSI_PRIVATE_AIRPLANE_FAILED_ISNOT_STARTABLE_MAP
3332,MSI_PRIVATE_AIRPLANE_FAILED_ISNOT_ENDABLE_MAP
3333,MSI_PRIVATE_AIRPLANE_FAILED_NOT_ENOUGH_ITEM
3334,MSI_ENTER_ONE_LINE_WITHOUT_LINE_BREAKS
3335,MSI_CANNOT_REGISTER_NAME_THAT_CONTAINS_BADWORDS
3336,MSI_CREATE_ACCOUNT
3337,MSI_TOKENAGENCY_SERVER_CONNECTION_FAILED
3338,MSI_SELECTCHARWND_BILLING_INFO
3339,MSI_SELECTCHARWND_RESERVE_TO_DEL_CHAR
3340,MSI_SELECTCHARWND_CANCEL_TO_RESERVE_CHAR
3341,MSI_SELECTCHARWND_START_GAME
3342,MSI_SELECTCHARWND_DELETE
3343,MSI_SELECTCHARWND_CHARACTER_LIST
3344,MSI_SELECTCHARWND_NOTICE
3345,MSI_MAKECHARWND_CREATE
3346,MSI_MAKECHARWND_HAIR_STYLE
3347,MSI_MAKECHARWND_HAIR_COLOR
3348,MSI_MAKECHARWND_DOUBLECHECK_NAME
3349,MSI_DATE_HH_MM_SS
3350,MSI_INPUT_TIME_EXCEEDED_SIGN_IN_AGAIN
3351,MSI_MAKECHARWND_CLOSE
3352,MSI_PRIVATE_AIRPLANE_FAILED_USE_ITEM
3353,MSI_PRIVATE_AIRPLANE_FAILED_SAME_MAP
3354,MSI_PRIVATE_AIRPLANE_FAILED_DEAD_STATE
3355,MSI_MAKECHARWND_TITLE
3356,MSI_REGISTER_ADVENTURER_AGENCY
3357,MSI_REGISTER_ADVENTURER_AGENCY2
3358,MSI_STOP_RECRUITING
3359,MSI_ADVEN_MEMO
3360,MSI_ADVEN_QUEST
3361,MSI_ADVEN_FIELD
3362,MSI_ADVEN_DUNJUN
3363,MSI_ADVEN_MD
3364,MSI_ADVEN_EDEN_GROUP
3365,MSI_ADVEN_ETC
3366,MSI_ADVEN_SEARCH
3367,MSI_ADVEN_RESET
3368,MSI_ADVEN_JOIN_PARTY
3369,MSI_ADVEN_PURPOSE
3370,MSI_ADVEN_WARNING_TEXT
3371,MSI_ADVEN_REGISTER
3372,MSI_INCLUDE_BAD_WORD
3373,MSI_ASK_JOIN
3374,MSI_CHAT_WITH_PARTYMASTER
3375,MSI_STOP_RECRUITING_PARTY
3376,MSI_ADVEN_REWRITE
3377,MSI_ALL_AREA
3378,MSI_REQUEST_PARTY
3379,MSI_LOGIN
3380,MSI_ACCOUNT
3381,MSI_EXIT
3382,MSI_APPLY
3383,MSI_CONNECT
3384,MSI_OK
3385,MSI_OTPWND_DESCRIPTION_1
3386,MSI_OTPWND_DESCRIPTION_2
3387,MSI_PRIVATE_AIRPLANE_WARNNING_SELECT_NPC
3388,MSI_JOBNAME_TAEKWON
3389,MSI_TO_BLOCK_WHISPER
3390,MSI_TO_BLOCK_WHISPER_FAILED1
3391,MSI_TO_BLOCK_WHISPER_FAILED2
3392,MSI_TO_UNBLOCK_WHISPER
3393,MSI_TO_UNBLOCK_WHISPER_FAILED1
3394,MSI_TO_UNBLOCK_WHISPER_FAILED2
3395,MSI_NO_BLOCK_LIST
3396,MSI_BLOCK_LIST
3397,MSI_RENEW_QUEST_TAB_PROCESS
3398,MSI_RENEW_QUEST_TAB_BEST
3399,MSI_RENEW_QUEST_TAB_HOLD
3400,MSI_RENEW_QUEST_TITLE
3401,MSI_RENEW_QUEST_DETAIL_DESCRIPTION
3402,MSI_RENEW_QUEST_DETAIL_MONSTER
3403,MSI_RENEW_QUEST_DETAIL_REWARD
3404,MSI_RENEW_QUEST_DETAIL_EXP
3405,MSI_RENEW_QUEST_DETAIL_JEXP
3406,MSI_RENEW_QUEST_DETAIL_ITEM
3407,MSI_RENEW_QUEST_CHECK_TOOTIP1_ITEM
3408,MSI_RENEW_QUEST_CHECK_TOOTIP2_ITEM
3409,MSI_RENEW_QUEST_CHECK_TOOTIP3_ITEM
3410,MSI_OTP_INPUT_TIME
3411,MSI_SAVE_ID
3412,MSI_PASSWORD
3413,MSI_ID
3414,MSI_CREATE_RAG_ACCOUNT
3415,MSI_PARTY_MASTER
3416,MSI_CANNOT_APPLY_LEVEL
3417,MSI_ADVENTURER_AGENCY_REGIST_FAILED
3418,MSI_ADVENTURER_AGENCY_REGIST_SUCCESSED
3419,MSI_INPUT_SEARCH_TEXT
3420,MSI_ADVEN_TANKER
3421,MSI_BASIC_EXP_ZERO
3422,MSI_EXPLAIN_CHAT_BLOCK
3423,MSI_EXPLAIN_CHAT_UNBLOCK
3424,MSI_EXPLAIN_CHAT_BLOCKLIST
3425,MSI_EXPLAIN_CHAT_BLOCK_TO_ALL
3426,MSI_EXPLAIN_CHAT_UNBLOCK_TO_ALL
3427,MSI_REFUSE_CHAT_TO_EVERYONE
3428,MSI_FAILED_TO_ALL_CHAT_PERMIT
3429,MSI_PERMIT_CHAT_TO_EVERYONE
3430,MSI_FAILED_TO_ASK_ALL_CHAT
3431,MSI_OPENING
3432,MSI_DO_YOU_WANT_TO_BACK_LOGINWND
3433,MSI_ENST_SHOUT2
3434,MSI_ENST_BLESSING2
3435,MSI_ENST_ANGELUS2
3436,MSI_CASHSHOP_TAB_JELLSTAR
3437,MSI_CASHSHOP_TAB_EFST_AID
3438,MSI_CASHSHOP_TAB_PREMIUM_SERVICE
3439,MSI_REFUSE_RETRY_CONNECT_AC
3440,MSI_REFUSE_RETRY_CONNECT_TC
3441,MSI_CANNOT_FIND_NAME_THAT_CONTAINS_BADWORDS
3442,MSI_THE_PARTY_MASTER_CANNOT_BE_REQUESTED
3443,MSI_NO_PARTY_FOUND
3444,MSI_ADVEN_DEARER
3445,MSI_WEB_ADDRESS_FOR_RESTART
3446,MSI_QUESTWND_HIGHER
3447,MSI_QUESTWND_LOWER
3448,MSI_FRIEND_ALREADY_FRIEND
3449,MSI_FRIEND_CAN_NOT_FIND
3450,MSI_FRIEND_ALREADY_JOINING
3451,MSI_SPRITEMABLE_ON
3452,MSI_SPRITEMABLE_OFF
3453,MSI_BAN_BLOCK_CHARCTER_SERVER_SECOND_PASSWORD
3454,MSI_SECOND_PASSWORD_INFO_5
3455,MSI_CHECK_ATTENDANCE_RODEX_SENDER
3456,MSI_CHECK_ATTENDANCE_RODEX_CONTENTS
3457,MSI_ACCOUNTLINKEDUSERDATA_LOAD_FAIL
3458,MSI_USESKILL_FAIL_NOT_PARTY_MEMBER
3459,MSI_ADVENTURER_AGENCY_RECRUIT_STOP
3460,MSI_CANNOT_OFFER_GUILD_EXP_MAX_RATE
3461,MSI_CANNOT_OFFER_GUILD_EXP_MAX_LEVEL
3462,MSI_FORCED_WEB_LOGIN
3463,MSI_INC_ATTACKDAMAGE_ABILITYPOWER
3464,MSI_DEC_ATTACKDAMAGE_ABILITYPOWER
3465,MSI_CHECK_ATTENDANCE_REWARD
3466,MSI_CHECK_ATTENDANCE_DATE_INFO
3467,MSI_CHECK_ATTENDANCE_DATE_COUNT
3468,MSI_CHECK_ATTENDANCE_CHECK_BEFORE
3469,MSI_CHECK_ATTENDANCE_CHECK_AFTER
3470,MSI_CHECK_ATTENDANCE_DDAY
3471,MSI_DATE_DAY
3472,MSI_CHECK_ATTENDANCE_FAIL_RESTART
3473,MSI_CHECK_ATTENDANCE
3474,MSI_CHECK_ATTENDANCE_NOT_EVENT
3475,MSI_CAN_NOT_OFFER_EXP_TO_GUILD_MAX_LV
3476,MSI_CAN_NOT_OFFER_EXP_TO_GUILD_MAX_EXP
3477,MSI_MESSAGEWND_TITLE
3478,MSI_SEND_TO_TWITTER_FAILED
3479,MSI_KEYWORD_FILTER
3480,MSI_DISABLE_TAMINGMONSTER_MAP
3481,MSI_RANK_LOADING
3482,MSI_USESKILL_FAIL_NOT_PARTY_MASTER
3483,MSI_USESKILL_FAIL_ENSEMBLE_PARTYNER
3484,MSI_STORE_ASSISTANT_TRADE_FORCED_REMOVAL_TITLE
3485,MSI_STORE_ASSISTANT_TRADE_FORCED_REMOVAL_CONTENT
3486,MSI_CAN_NOT_OFFER_EXP_LIMIT_RATE
3487,MSI_CANNOT_CHANGE_PARTYMASTER
3488,MSI_CANNOT_REGISTER_PARTY
3489,MSI_ACCEPT
3490,MSI_REFUSE
3491,MSI_ADVEN_HEALER
3492,MSI_CANNOT_FIND_REQUEST_USER
3493,MSI_STORE_ASSISTANT_TRADE_FORCED_REMOVAL
3494,MSI_CANNOT_FIND_PARTYMASTER
3495,MSI_CANNOT_JOIN_PARTY_BECAUSE_LOW_LEVEL
3496,MSI_INVALID_MAPPROPERTY_REQUEST_USER
3497,MSI_EXCEEDED_NUMBER_OF_PARTYMEMBERS
3498,MSI_JOIN_ACCEPT
3499,MSI_JOIN_REFUSE
3500,MSI_ALREADY_JOINED_REQUEST_USER
3501,MSI_JOIN_ACCEPT_REQUEST_USER
3502,MSI_JOIN_REFUSE_REQUEST_USER
3503,MSI_REQUEST_REJECTED_BECAUSE_INVALID_MAPPROPERTY
3504,MSI_ADVENTURER_AGENCY_LIST
3505,MSI_REQUEST_JOIN_PARTY
3506,MSI_NOT_PARTYMASTER_CANNOT_REGISTER_ADVENTURER_AGENCY
3507,MSI_ADVENTURER_AGENCY_RECRUIT_STOP_FAILED
3508,MSI_ADVEN_ASSIST
3509,MSI_EXPAND_SIGHT_OPTIONWND
3510,MSI_EXPAND_SIGHT_HELP
3511,MSI_EXPAND_SIGHT_ON
3512,MSI_EXPAND_SIGHT_OFF
3513,MSI_EXPAND_SIGHT
3514,MSI_ADVENTURER_AGENCY
3515,MSI_CANNOT_ASK_TO_JOIN_PARTY
3516,MSI_CHECK_LEVEL_BEFORE_REGISTER_AGENCY
3517,MSI_CANNOT_MORE_SELECT_JOB
3518,MSI_D0_NOT_RECEIVE_THE_USER_REQUEST_TODAY
3519,MSI_PLEASE_REOPEN_LISTWND_AFTER_A_WHILE
3520,MSI_BEFORE_SIEGE_BLOCKMOVE_TIME
3521,MSI_EXPAND_OBJALPHA
3522,MSI_HALFALPHAOBJ_ON
3523,MSI_HALFALPHAOBJ_OFF
3524,MSI_GRAPHIC_SETTING_OBJALPHA
3525,MSI_FAILED_PET_TO_EGG_CLOSE_RODEX
3526,MSI_EMBLEM_FRAME
3527,MSI_EMBLEM_FRAME_DRAW_ON
3528,MSI_EMBLEM_FRAME_DRAW_OFF
3529,MSI_USESKILL_FAIL_NEED_EQUIPPED_WEAPONE
3530,MSI_USESKILL_FAIL_EMPTY_SOUL_ENERGY
3531,MSI_ADDSKILL_FAIL_INCLUDE_SKILL_YOU_CANNOT_LEARN
3532,MSI_DRAW_EMBLEM_FRAME_ONOFF
3533,MSI_USESKILL_FAIL_GC_WEAPONBLOCK_ON
3534,MSI_REFUSE_LOGIN_AUTH
3535,MSI_RUSSIA_PERSONALINFO_EXP
3536,MSI_RUSSIA_PERSONALINFO_DROP
3537,MSI_RUSSIA_PERSONALINFO_DEATH
3538,MSI_RUSSIA_CHAR_NAME_RULES
3539,MSI_REFUSE_LOGIN_ACCESSTICKET
3540,MSI_ITEMSTORE_DOWNLOADING
3541,MSI_ITEMSTORE_NOW_LOADING
3542,MSI_RODEX_BUTTON_DELETE
3543,MSI_RODEX_BUTTON_ANSWER
3544,MSI_RODEX_BUTTON_SEND
3545,MSI_RODEX_BUTTON_CONFIRM_ID
3546,MSI_RODEX_TAB_ADMIN
3547,MSI_RODEX_TAB_DEFAULT
3548,MSI_RODEX_TAB_RETURN
3549,MSI_RODEX_TAB_SEARCH
3550,MSI_FAILED_PET_AUTO_FEEDING_BY_ITEMACTION
3551,MSI_FAILED_HOMUN_AUTO_FEEDING_BY_ITEMACTION
3552,MSI_MSI_INVENTORY_TABNAME_4
3553,MSI_BARTERITEM_NAME_COUNT
3554,MSI_EXCHANGED_FAILED
3555,MSI_EXCHANGED_SUCCEEDED
3556,MSI_NO_ITEM_FOR_EXCHANGE
3557,MSI_ITEM_OUT_OF_STOCK
3558,MSI_DEAD
3559,MSI_PVP
3560,MSI_INVENTORY_EXTEND_OF_BODYITEM
3561,MSI_INVENTORY_EXTEND
3562,MSI_INVENTORY_EXTEND_FAILED
3563,MSI_INVENTORY_EXTEND_FAILED_ANOTHER_WORK
3564,MSI_INVENTORY_EXTEND_FAILED_NO_ITEM
3565,MSI_INVENTORY_EXTEND_FAILED_MAX_OVER
3566,MSI_INVENTORY_EXTEND_SUCCESS
3567,MSI_LIMIT_BUY_ITEM3
3568,MSI_EXCEED_LIMITED_ITEMNUM
3569,MSI_BUY_ONE_AT_A_TIME
3570,MSI_STAR_EMPEROR
3571,MSI_SOUL_REAPER
3572,MSI_SAVE_HOTKEY_TO_SERVER
3573,MSI_TRANSLATE_CAPTURE_MONSTER
3574,MSI_TRANSLATE_MESSAGE
3575,MSI_TRANSLATE_TITLE
3576,MSI_EXTEND_DAMAGE_RANGE
3577,MSI_SHOW_NAME_OF_ENTERED_MAP
3578,MSI_SYSTEM_MSG_MERCHANTSHOP
3579,MSI_VSYNC
3580,MSI_WEBSITE_LINK_BTN_TOOLTIP
3581,MSI_WEBSITE_LINK_ADDRESS
3582,MSI_OUTSIDE_CASHSHOP_BTN_TOOLTIP
3583,MSI_LIMIT_FRAME
3584,MSI_USESKILL_FAIL_OVER_INSTALLATION
3585,MSI_NAVIGATION_DESTINATION
3586,MSI_EMBLEM_UPLOAD_FAILED_BUSY
3587,MSI_EMBLEM_REGIST_FAILED_INCORRECT_SIZE
3588,MSI_RODEX_BUTTON_DELETE_SELECTED
3589,MSI_RODEX_BUTTON_DELETE_ALL
3590,MSI_RODEX_MESSAGE_DELETE_ALL
3591,MSI_RODEX_BUTTON_RECEIVE_SELECTED
3592,MSI_RODEX_BUTTON_RECEIVE_ALL
3593,MSI_RODEX_MESSAGE_RECEIVE_SELECTED
3594,MSI_RODEX_MESSAGE_RECEIVE_ALL
3595,MSI_HOTKEYWND_SKILLBAR2
3596,MSI_CHANGE_SKILLBER
3597,MSI_HOTKEYGUIDEWND_LEFT
3598,MSI_HOTKEYGUIDEWND_UP
3599,MSI_HOTKEYGUIDEWND_RIGHT
3600,MSI_HOTKEYGUIDEWND_DOWN
3601,MSI_HOTKEYGUIDEWND_APPS
3602,MSI_HOTKEYGUIDEWND_BACK
3603,MSI_WARNINGMSG_LOADING
3604,MSI_USESKILL_FAIL_SPELLBOOK_NONE
3605,MSI_USE_WORLDMAP_WITH_PERIOD_MSG1
3606,MSI_USE_WORLDMAP_WITH_PERIOD_MSG2
3607,MSI_USE_WORLDMAP_WITH_PERIOD_MSG3
3608,MSI_BTN_MESSAGE_APPLY
3609,MSI_BTN_MESSAGE_STOP
3610,MSI_USE_WORLDMAP_WITH_PERIOD_MSG4
3611,MSI_USE_WORLDMAP_WITH_PERIOD_MSG5
3612,MSI_USE_WORLDMAP_WITH_PERIOD_MSG6
3613,MSI_ADVANCED_STATUS
3614,MSI_DESC_POW
3615,MSI_DESC_STA
3616,MSI_DESC_WIS
3617,MSI_DESC_SPL
3618,MSI_DESC_CON
3619,MSI_DESC_CRT
3620,MSI_DESC_ADV_STATUS_POWER_ATK
3621,MSI_DESC_ADV_STATUS_SPELL_MATK
3622,MSI_DESC_ADV_STATUS_STAMINA_RESIST
3623,MSI_DESC_ADV_STATUS_WISDOM_MRESIST
3624,MSI_DESC_ADV_STATUS_CREATIVE_HEALPULS
3625,MSI_DESC_ADV_STATUS_CREATIVE_CRIDAMAGE_RATE
3626,MSI_DESC_ADV_POINT
3627,MSI_BASICINFO_JOBLEVEL2
3628,MSI_BASICINFO_AP
3629,MSI_GUILD_AGIT_MOVE_AGIT
3630,MSI_GUILD_AGIT_INVESTMENT_INFO
3631,MSI_GUILD_AGIT_ARE_YOU_MOVE_AGIT
3632,MSI_GUILD_AGIT_SHOW_INVESTMENT_INFO
3633,MSI_GUILD_AGIT_MOVE_FAIL_MAP
3634,MSI_NOT_LEARN_BASIC_SKILL
3635,MSI_BAN_IP_BLOCK_FOR_ZERO
3636,MSI_TOOLTIP_OF_OPTIONOFF_BTN
3637,MSI_MCSTORE_BACKUP
3638,MSI_MCSTORE_BACKUP_TOOLTIP
3639,MSI_BAN_LOGIN_IS_RESTRICTED
3640,MSI_GUILD_AGIT_AGIT_MESSAGE
3641,MSI_WARNING_UNDER_AGE_MSG1
3642,MSI_WARNING_UNDER_AGE_MSG2
3643,MSI_USESKILL_FAIL_AP_INSUFFICIENT
3644,MSI_LAPINE_FAIL_REFINING_LEVEL_OVERFLOW_NEEDED
3645,MSI_LAPINE_WARNING_REFINING_LEVEL_HIGHER_THAN_NEEDED
3646,MSI_LAPINE_WARNING_HAS_CARD_OR_ENCHANTED
3647,MSI_ITEM_COUNT_INFINITY
3648,MSI_ITEMSHOP_CURRENCY
3649,MSI_PURCHASEWND_TOTAL
3650,MSI_ACCOUNT_LIMITED_TOOL_TITLE
3651,MSI_ACCOUNT_LIMITED_DB_NAME
3652,MSI_ACCOUNT_LIMITED_TOOL_DB_NUMBER
3653,MSI_ACCOUNT_LIMITED_TOOL_SELL_COUNT
3654,MSI_ACCOUNT_LIMITED_TOOL_SELL_STARTTIME
3655,MSI_ACCOUNT_LIMITED_TOOL_SELL_ENDTIME
3656,MSI_ACCOUNT_LIMITED_SALE_ITEM
3657,MSI_ACCOUNT_LIMITED_SALE_ITEM_START_DATE
3658,MSI_ACCOUNT_LIMITED_SALE_ITEM_NUM
3659,MSI_ACCOUNT_LIMITED_SALE_ITEM_LIMIT_NUM
3660,MSI_ACCOUNT_LIMITED_TOOL_RESULT_FORMAT
3661,MSI_ACCOUNT_LIMITED_SALE_ITEM_SOLD_OUT
3662,MSI_MAP_PROPERTY_DISABLE_CALLED
3663,MSI_ACCOUNT_LIMITED_SALE_ITEM_NEXT_DATE
3664,MSI_ACCOUNT_LIMITED_SALE_ITEM_DONT_MOVE_CART
3665,MSI_CANNOT_EXCHANGE_ITEMS
3666,MSI_QUIT_EXIT_AFTER_GUILD_CLOSE
3667,MSI_HAVE_ITEMTAG
3668,MSI_MONSTER_MONSTERINFO
3669,MSI_UNKNOWN_MONSTERINFO
3670,MSI_UNDEAD_MONSTERINFO
3671,MSI_ANIMAL_MONSTERINFO
3672,MSI_PLANT_MONSTERINFO
3673,MSI_INSECT_MONSTERINFO
3674,MSI_MARINE_MONSTERINFO
3675,MSI_DEVIL_MONSTERINFO
3676,MSI_HUMAN_MONSTERINFO
3677,MSI_ANGEL_MONSTERINFO
3678,MSI_DRAGON_MONSTERINFO
3679,MSI_NC_CASH_INNOVA
3680,MSI_BUY_RECONFIRM_CASHSTRINGFMT
3681,MSI_BUY_RECONFIRM2_CASHSTRINGFMT
3682,MSI_CALL_REJECTED
3683,MSI_BUYINGSTORE_MAKEWND_LIMITZENY_NOT_OVER_MYMONEY
3684,MSI_BUYINGSTORE_MAKEWND_FAIL_CLOSE_UI
3685,MSI_SAVE_SELL_STORE_ITEMLIST
3686,MSI_SAVE_BUY_STORE_ITEMLIST
3687,MSI_REFUSE_VTC_AUTH_FAILED
3688,MSI_EQUIP_FAIL_DURING_BARTER
3689,MSI_BARTER_ITEMLIST
3690,MSI_UPGRADESKILLERROR_MORE_THIRDJOBSKILL
3691,MSI_LIMIT_HAVE_ITEM_CNT
3692,MSI_EXCHANGE_ITEM_CNT
3693,MSI_GLOBALRODEX_NOT_ABLE_TO_OPEN_MAIL_IN_CUR_SERVER
3694,MSI_GLOBALRODEX_MESSAGE_DELETE_ALL_ON_ADMIN
3695,MSI_GLOBALRODEX_MESSAGE_RECEIVE_ALL
3696,MSI_GLOBALRODEX_REFUSE_DELETING
3697,MSI_GLOBALRODEX_REFUSE_RECEIVING
3698,MSI_GLOBALRODEX_REFUSE_READING
3699,MSI_TOTAL_NEED_MONEY
3700,MSI_NORMAL_MESSAGEBOX_CAPTION
3701,MSI_RESTRICT_OPENING_BUYINGSTORE_FAIL_OPEN_BUYINGSTORE
3702,MSI_ITEM_GRADE_ENCHANT_SUCCEESS
3703,MSI_ITEM_GRADE_ENCHANT_FAIL
3704,MSI_ITEM_GRADE_ENCHANT_FAIL_DOWNGRADE
3705,MSI_ITEM_GRADE_ENCHANT_FAIL_BREAK
3706,MSI_ITEM_GRADE_ENCHANT_FAIL_PROTECT
3707,MSI_GRADE_ENCHANT_SOURCE_NOT_SELECT
3708,MSI_GRADE_ENCHANT_SOURCE_ENOUGH
3709,MSI_GRADE_ENCHANT_MONEY_ENOUGH
3710,MSI_GRADE_ENCHANT_INVENTORY_ENOUGH
3711,MSI_GRADE_ENCHANT_ITEM_PROTECT
3712,MSI_GRADE_ENCHANT_ITEM_NOT_PROTECT
3713,MSI_GRADE_ENCHANT_ITEM_DOWNGRADE
3714,MSI_CLOSE_RODEX_FOR_GRADE_ENCHANT
3715,MSI_CANNOT_OPEN_RODEX_DURING_GRADE_ENCHANT
3716,MSI_CLOSE_BANKING_FOR_GRADE_ENCHANT
3717,MSI_CANNOT_OPEN_BANKING_DURING_GRADE_ENCHANT
3718,MSI_BROADCASTING_GRADE_ENCHANT_SUCCESS
3719,MSI_BROADCASTING_GRADE_ENCHANT_FAIL
3720,MSI_CANNOT_GRADE_ENCHANT_ITEM
3721,MSI_CHANGE_MATERIAL
3722,MSI_CHANGE_MATERIAL_SORT
3723,MSI_CHANGE_MATERIAL_MESSAGE
3724,MSI_CHANGE_MATERIAL_SUCCESS_RATE
3725,MSI_MSG_IS_ILLEGAL_TAG_MSG
3726,MSI_IQ_POWERFUL_FAITH_ON
3727,MSI_IQ_POWERFUL_FAITH_OFF
3728,MSI_IQ_FIRM_FAITH_ON
3729,MSI_IQ_FIRM_FAITH_OFF
3730,MSI_IQ_SINCERE_FAITH_ON
3731,MSI_IQ_SINCERE_FAITH_OFF
3732,MSI_CD_BENEDICTUM_ON
3733,MSI_CD_BENEDICTUM_OFF
3734,MSI_CD_RELIGIO_ON
3735,MSI_CD_RELIGIO_OFF
3736,MSI_CD_COMPETENTIA_ON
3737,MSI_CD_COMPETENTIA_OFF
3738,MSI_CD_PRESENS_ACIES_ON
3739,MSI_CD_PRESENS_ACIES_OFF
3740,MSI_CD_ARGUTUS_TELUM_ON
3741,MSI_CD_ARGUTUS_TELUM_OFF
3742,MSI_CD_ARGUTUS_VITA_ON
3743,MSI_CD_ARGUTUS_VITA_OFF
3744,MSI_ITEMNUM_AND_WEIGHT
3745,MSI_DK_SERVANTWEAPON_OFF
3746,MSI_DK_CHARGINGPIERCE_OFF
3747,MSI_DK_VIGOR_OFF
3748,MSI_IG_ATTACK_STANCE_ON
3749,MSI_IG_ATTACK_STANCE_OFF
3750,MSI_IG_GUARD_STANCE_ON
3751,MSI_IG_GUARD_STANCE_OFF
3752,MSI_IG_GUARDIAN_SHIELD_ON
3753,MSI_IG_GUARDIAN_SHIELD_OFF
3754,MSI_IG_REBOUND_SHIELD_ON
3755,MSI_IG_REBOUND_SHIELD_OFF
3756,MSI_IG_HOLY_SHIELD_ON
3757,MSI_IG_HOLY_SHIELD_OFF
3758,MSI_IG_ULTIMATE_SACRIFICE_ON
3759,MSI_IG_ULTIMATE_SACRIFICE_OFF
3760,MSI_AG_CLIMAX_ON
3761,MSI_AG_CLIMAX_OFF
3762,MSI_SHC_SHADOW_EXCEED_ON
3763,MSI_SHC_SHADOW_EXCEED_OFF
3764,MSI_SHC_POTENT_VENOM_ON
3765,MSI_SHC_POTENT_VENOM_OFF
3766,MSI_SHC_ENCHANTING_SHADOW_ON
3767,MSI_SHC_ENCHANTING_SHADOW_OFF
3768,MSI_HUNTING_QUEST_INFO_ON
3769,MSI_HUNTING_QUEST_INFO_OFF
3770,MSI_TARGET_AP_MAX
3771,MSI_BUY_RECONFIRM1_2019
3772,MSI_BUY_RECONFIRM2_2019
3773,MSI_FAIL_EMPTY_SERVANTWEAPON
3774,MSI_BILLING_INFO_URL
3775,MSI_CHANGE_MATERIAL_INVSORT
3776,MSI_CHANGE_MATERIAL_SEARCHTEXT
3777,MSI_SEARCH
3778,MSI_BO_RESEARCHREPORT_ON
3779,MSI_BO_RESEARCHREPORT_OFF
3780,MSI_BO_BIONIC_PHARMACY_OK
3781,MSI_BO_BIONIC_PHARMACY_FAIL
3782,MSI_BO_ADVANCE_PROTECTION_ON
3783,MSI_BO_ADVANCE_PROTECTION_OFF
3784,MSI_BO_HELLTREE_ON
3785,MSI_BO_HELLTREE_OFF
3786,MSI_MT_A_MACHINE_ON
3787,MSI_MT_A_MACHINE_OFF
3788,MSI_MT_D_MACHINE_ON
3789,MSI_MT_D_MACHINE_OFF
3790,MSI_CASHSHOP_TAB_SEARCH
3791,MSI_TR_KVASIR_SONATA_ON
3792,MSI_TR_KVASIR_SONATA_OFF
3793,MSI_TR_MYSTIC_SYMPHONY_ON
3794,MSI_TR_MYSTIC_SYMPHONY_OFF
3795,MSI_TR_GEF_NOCTURN_ON
3796,MSI_TR_GEF_NOCTURN_OFF
3797,MSI_TR_AIN_RHAPSODY_ON
3798,MSI_TR_AIN_RHAPSODY_OFF
3799,MSI_TR_MUSICAL_INTERLUDE_ON
3800,MSI_TR_MUSICAL_INTERLUDE_OFF
3801,MSI_TR_JAWAII_SERENADE_ON
3802,MSI_TR_JAWAII_SERENADE_OFF
3803,MSI_TR_PRON_MARCH_ON
3804,MSI_TR_PRON_MARCH_OFF
3805,MSI_WH_CALAMITYGALE_ON
3806,MSI_WH_CALAMITYGALE_OFF
3807,MSI_WH_WIND_SIGN_ON
3808,MSI_WH_WIND_SIGN_OFF
3809,MSI_THAI_PERSONALINFO_EXP2
3810,MSI_THAI_PERSONALINFO_DROP2
3811,MSI_THAI_PERSONALINFO_DEATH2
3812,MSI_EM_SPELL_ENCHANTING_ON
3813,MSI_EM_SPELL_ENCHANTING_OFF
3814,MSI_ABC_FROM_THE_ABYSS_OFF
3815,MSI_ABC_ABYSS_SLAYER_ON
3816,MSI_ABC_ABYSS_SLAYER_OFF
3817,MSI_CHARACTER_MAKING_RESTRICT
3818,MSI_BAN_THAI_GGT_RESTRICTED_MAKE_CHAR
3819,MSI_UNBLOCK_CHAT
3820,MSI_BLOCK_CHAT
3821,MSI_GRADE_ENCHANT_REFINING_LEVEL_LACK
3822,MSI_GRADE_ENCHANT_ITEM_UNBREAKABLE
3823,MSI_GRADE_ENCHANT_ADDITIONAL_SOURCE_NOT_SELECT
3824,MSI_CHEAT_HASHFILE
3825,MSI_GUILD_AGIT_TITLE
3826,MSI_MERCHANTSHOP_TOTA_LOVER_ZENY_ERR
3827,MSI_REPUTE_WND
3828,MSI_REPUTE_POINT
3829,MSI_REPUTE_TOTAL
3830,MSI_REPUTE_NOW_LOADING
3831,MSI_GRADE_ENCHANT_ADDITIONAL_SOURCE_RESET
3832,MSI_ENCHANT
3833,MSI_ENCHANT_TAB_GENERAL
3834,MSI_ENCHANT_TAB_PERFECT
3835,MSI_ENCHANT_TAB_UPGRADE
3836,MSI_ENCHANT_TAB_RESET
3837,MSI_ENCHANT_FAILED_OVER_WEIGHT
3838,MSI_ENCHANT_RANDOM_BUTTON
3839,MSI_ENCHANT_PERFECT_BUTTON
3840,MSI_ENCHANT_UPGRADE_BUTTON
3841,MSI_ENCHANT_RESET_BUTTON
3842,MSI_CLOSE_RODEX_FOR_ENCHANT
3843,MSI_CANNOT_OPEN_RODEX_DURING_ENCHANT
3844,MSI_CLOSE_BANKING_FOR_ENCHANT
3845,MSI_CANNOT_OPEN_BANKING_DURING_ENCHANT
3846,MSI_ENCHANT_REQUEST
3847,MSI_ITEM_REFORM_OK
3848,MSI_ITEM_REFORM_WARNNING_NOT_ENOUGH_MATERIAL
3849,MSI_ITEM_REFORM_WARNNING_CARD_ENCHANT_LOST
3850,MSI_ITEM_REFORM_WARNNING_CARD_MAYBE_LOST
3851,MSI_ITEM_REFORM_WARNNING_ENCHANT_MAYBE_LOST
3852,MSI_HIDE_PLAYER_ON
3853,MSI_HIDE_PLAYER_OFF
3854,MSI_ITEM_REFORM_CONFIRM_DETAILS
3855,MSI_ITEM_REFORM_PLZ_CHECK_DETAILS
3856,MSI_ITEM_REFORM_NO_EXIST_TARGET_ITEM
3857,MSI_ENCHANT_SUCCESS
3858,MSI_ENCHANT_FAILED
3859,MSI_CANNOT_FIND_ENCHANT_ID
3860,MSI_NOT_SATISFIED_ENCHANT_CONDITION
3861,MSI_RODEX_SPAMOPTION_FAIL
3862,MSI_RODEX_SPAMOPTION_ON
3863,MSI_RODEX_SPAMOPTION_OFF
3864,MSI_RODEX_SPAMOPTION_USERBLOCK
3865,MSI_RODEX_SPAMOPTION_RETURN_SUCCESS
3866,MSI_RODEX_SPAMOPTION_RETURN_FAIL
3867,MSI_RODEX_SPAMOPTION_WARNING
3868,MSI_RODEX_SPAMOPTION
3869,MSI_EFST_ITEM_TIME_LIMIT_EXCEED
3870,MSI_GRADE_ENCHANT_SUCCESS_REFINING_LEVEL_DISAPPEAR
3871,MSI_GRADE_ENCHANT_SUCCESS_RANDOM_OPT_ENCHANT_KEEP
3872,MSI_GRADE_ENCHANT_FAILED_REFINING_RANDOM_OPT_ENCHANT_KEEP
3873,MSI_HOTKEY_RESET
3874,MSI_HOTKEY_OLD_VER
3875,MSI_EXP_BAR_BASE_LV
3876,MSI_EXP_BAR_JOB_LV
3877,MSI_BASIC_INFO_LV_NAME
3878,MSI_MENU_ICON_QUEST
3879,MSI_MENU_ICON_CASHSHOP
3880,MSI_MENU_ICON_HOTKEY
3881,MSI_MENU_ICON_ADVENTURER_AGENCY
3882,MSI_NEWUI_ZERO_ONOFF
3883,MSI_NEWUI_ZERO_UIOLD
3884,MSI_NEWUI_ZERO_UINEW
3885,MSI_NEWUI_ZERO_UISKIN
3886,MSI_NEW_RANDOM_OPTION
3887,MSI_MONSTERINFO_TRIBE_UNKNOWN
3888,MSI_MONSTERINFO_TRIBE_UNDEAD
3889,MSI_MONSTERINFO_TRIBE_ANIMAL
3890,MSI_MONSTERINFO_TRIBE_PLANT
3891,MSI_MONSTERINFO_TRIBE_INSECT
3892,MSI_MONSTERINFO_TRIBE_MARINE
3893,MSI_MONSTERINFO_TRIBE_DEVIL
3894,MSI_MONSTERINFO_TRIBE_HUMAN
3895,MSI_MONSTERINFO_TRIBE_ANGEL
3896,MSI_MONSTERINFO_TRIBE_DRAGON
3897,MSI_MONSTERINFO_PROPERTY_NEUTURAL
3898,MSI_MONSTERINFO_PROPERTY_WATER
3899,MSI_MONSTERINFO_PROPERTY_EARTH
3900,MSI_MONSTERINFO_PROPERTY_FIRE
3901,MSI_MONSTERINFO_PROPERTY_WIND
3902,MSI_MONSTERINFO_PROPERTY_POISON
3903,MSI_MONSTERINFO_PROPERTY_SAINT
3904,MSI_MONSTERINFO_PROPERTY_DARK
3905,MSI_MONSTERINFO_PROPERTY_MENTAL
3906,MSI_MONSTERINFO_PROPERTY_UNDEAD
3907,MSI_MONSTERINFO_SIZE_SMALL
3908,MSI_MONSTERINFO_SIZE_MIDDLE
3909,MSI_MONSTERINFO_SIZE_BIG
3910,MSI_MONSTERINFO_DEF
3911,MSI_BAN_TEENAGER
3912,MSI_STYLINGSHOP_COLOR_RESET
3913,MSI_ZEROQUEST_ALLSELECT
3914,MSI_ZEROQUEST_SIMPLEUI_ON
3915,MSI_CASHSHOP_FREE
3916,MSI_ACCOUNT_LIMITED_TOOL_RENT_TIME
3917,MSI_ACCOUNT_LIMITED_TOOL_RENT_TIME_MAX_14DAY
3918,MSI_CASHSHOP_NON_TRADABLE
3919,MSI_ZEROQUEST_QUESTVIEWWND_ON
3920,MSI_ZEROQUEST_QUESTVIEWWND_OFF
3921,MSI_ZEROQUEST_QUESTVIEW_ON
3922,MSI_ZEROQUEST_QUESTVIEW_OFF
3923,MSI_ZEROQUEST_QUESTHELP_TITLE
3924,MSI_ZEROQUEST_QUESTHELP_1
3925,MSI_ZEROQUEST_QUESTHELP_2
3926,MSI_ZEROQUEST_QUESTHELP_3
3927,MSI_ZEROQUEST_QUESTHELP_4
3928,MSI_ZEROQUEST_QUESTHELP_5
3929,MSI_ZEROQUEST_QUESTHELP_6
3930,MSI_ZEROQUEST_QUESTHELP_7
3931,MSI_ZEROQUEST_QUESTHELP_8
3932,MSI_ZEROQUEST_QUESTHELP_9
3933,MSI_ZEROQUEST_QUESTHELP_10
3934,MSI_ZEROQUEST_QUESTHELP_11
3935,MSI_ZEROQUEST_QUESTHELP_12
3936,MSI_ZEROQUEST_QUESTHELP_13
3937,MSI_ZEROQUEST_QUESTHELP_14
3938,MSI_ZEROQUEST_QUESTHELP_15
3939,MSI_TIPBOX_START_OPEN
3940,MSI_RESULT_ERROR_VTC_303
3941,MSI_RESULT_ERROR_VTC_304
3942,MSI_ZEROCHATWND_RESIZE
3943,MSI_ZEROCHATWND_LOCK
3944,MSI_ZEROCHATWND_UNLOCK
3945,MSI_ZEROCHATWND_CHATON
3946,MSI_ZEROCHATWND_CHATOFF
3947,MSI_ZEROCHATWND_SEND
3948,MSI_ZEROCHATWND_SENDG
3949,MSI_ZEROCHATWND_OPTION
3950,MSI_ZEROCHATWND_STICKOFF
3951,MSI_ZEROCHATWND_STICKON
3952,MSI_ZEROCHATWND_ADD
3953,MSI_ZEROCHATWND_DEL
3954,MSI_ZEROCHATWND_ENTER
3955,MSI_TAKEOFF_ALL
3956,MSI_FAILED_BUSY
3957,MSI_USESKILL_FAIL_NEED_TWINKLING_GALAXY_AREA
3958,MSI_USESKILL_FAIL_NEED_SOULCOLLECT
3959,MSI_USESKILL_FAIL_NEED_CHARMS
3960,MSI_USESKILL_FAIL_NEED_GATLING_OR_SHOTGUN
3961,MSI_USESKILL_FAIL_NEED_RIFLE_OR_HANDGUN
3962,MSI_USESKILL_FAIL_NEED_GRANADE_OR_RIFLE
3963,MSI_USESKILL_FAIL_NEED_GATLING_OR_HANDGUN
3964,MSI_USESKILL_FAIL_NEED_SHOTGUN_OR_GRANADE
3965,MSI_USESKILL_FAIL_NEED_SHIELD_WEAPON
3966,MSI_CLOSE_BANKING_FOR_EXPANDED_BARTERMARKET
3967,MSI_CANNOT_OPEN_BANKING_DURING_EXPANDED_BARTERMARKET
3968,MSI_FAIL_NO_SPACE_BEHIND_THE_TARGET
3969,MSI_USESKILL_FAIL_NEED_COMMUNION_WITH_SPIRIT
3970,MSI_PACKAGEITEM_SLEEPSTONECURSEFAIL
3971,MSI_PACKAGEITEM_BURROWFAIL
3972,MSI_PACKAGEITEM_USEFAIL
3973,MSI_PACKAGEITEM_SETTINGFAIL
3974,MSI_PACKAGEITEM_TIME
3975,MSI_PACKAGEITEM_SELECT
3976,MSI_GRADE_ENCHANT_ENHANCED_UP
3977,MSI_JOB_IMPERIAL_GUARD
3978,MSI_JOB_ABYSS_CHASER
3979,MSI_JOB_WINDHAWK
3980,MSI_EMBLEM_UPLOAD_FAILED_DB
3981,MSI_EMBLEM_UPLOAD_FAILED_AUTH
3982,MSI_EMBLEM_UPLOAD_FAILED_FILE
3983,MSI_SORT_MINIPARTY
3984,MSI_PICKUP_FAILED_PARTY_MEMBER
3985,MSI_BROADCASTING_SPECIAL_ITEM_OBTAIN_ADD_LEVEL
3986,MSI_FAILED_ALL_RODEX_LIST
3987,MSI_FAIL_CALLHOMUN_INVALID_JOBTYPE
3988,MSI_FAIL_ITEMCOMPOSITION_LIST
3989,MSI_DAMAGE_EQUIPMENT
3990,MSI_DAMAGE_EQUIPMENT_TOOLTIP
3991,MSI_DAMAGE_DIR_LEFT
3992,MSI_DAMAGE_DIR_CENTER
3993,MSI_DAMAGE_DIR_RIGHT
3994,MSI_DAMAGE_DIR_DEFAULT
3995,MSI_MACRO_CHECK_REMOVE_RUNNING
3996,MSI_MACRO_CHECK_REMOVE_SUCCESS
3997,MSI_MACRO_CHECK_REMOVE_NOT_EXISTS
3998,MSI_MACRO_CHECK_REMOVE_OFF_SUCCESS
3999,MSI_MACRO_CHECK_REMOVE_TIMESUP
4000,MSI_MACRO_CHECK_REMOVE_INVALID_AID
4001,MSI_NEWSEIGEMODE_SKILL
4002,MSI_DYNAMICNPC_CREATE_RESULT_FAIL_MAXCOUNT
4003,MSI_MACRO_DETECTOR_NOTICE4
4004,MSI_FAIL_CALLHOMUN_OVER_100LEVEL
4005,MSI_FAIL_STRIPSHADOW_TO_MADO_NOTICE
4006,MSI_MACRO_REPORTER_SELECT_MODE_MAP
4007,MSI_MACRO_REPORTER_SELECT_MODE_QUIZ
4008,MSI_MACRO_REPORTER_TOOLTIP_MAP
4009,MSI_MACRO_REPORTER_TOOLTIP_QUIZ
4010,MSI_MACRO_REPORTER_UNKNWON_MAP
4011,MSI_MACRO_REPORTER_WRONG_NUMBER
4012,MSI_MACRO_REPORTER_TOOLTIP_MAP_QUIZ_INPUT
4013,MSI_MACRO_BLACKLIST_USER_CHCEK_RESULT_SUCCESS
4014,MSI_MACRO_BLACKLIST_USER_CHCEK_RESULT_FAIL_COOLTIME
4015,MSI_MACRO_BLACKLIST_USER_CHCEK_RESULT_FAIL_MAPNAME
4016,MSI_MACRO_BLACKLIST_USER_CHCEK_RESULT_FAIL_PARAM
4017,MSI_MACRO_BLACKLIST_USER_CHCEK_RESULT_FAIL_QUESTION
4018,MSI_MACRO_BLACKLIST_USER_CHCEK_RESULT_FAIL_MAPNAME_COUNT
4019,MSI_MACRO_BLACKLIST_USER_CHCEK_REMAIN_TIME
4020,MSI_MACRO_BLACKLIST_USER_CHCEK_NOTICE1
4021,MSI_MACRO_BLACKLIST_USER_CHCEK_NOTICE2
4022,MSI_MACRO_BLACKLIST_USER_CHCEK_ANSWER_INPUT
4023,MSI_WEDDING_RING_ITEM_NAME_FORMAT
4024,MSI_ACCOUNT_LIMITED_TOOL_RESULT_NEWFORMAT
4025,MSI_ACCOUNT_LIMITED_SALE_ITEM_NEXT_NEWDATE
4026,MSI_CANNOT_ATTACK_IN_THE_PARTYWND
4027,MSI_RETRY_AFTER_PROCESS
4028,MSI_GUILD_EXP_TRIBUTE
4029,MSI_EQUIPMENT_PROPERTIES
4030,MSI_VIEW_CHANGE_EQUIPMENT_PROPERTIES_MSG
4031,MSI_ALLY_CHAT_MSG
4032,MSI_SEND_TO_ALLY
4033,MSI_PAY_CONFIRM_BY_NYANGVINE_FRUIT
4034,MSI_REFINING_POSSIBLE
4035,MSI_REFINING_IMPOSSIBLE
4036,MSI_ENCHANT_POSSIBLE
4037,MSI_ENCHANT_IMPOSSIBLE
4038,MSI_GRADE_ENCHANT_POSSIBLE
4039,MSI_GRADE_ENCHANT_IMPOSSIBLE
4040,MSI_RUNESYSTEM_EQUIP_OUT
4041,MSI_RUNESYSTEM_EQUIP_NOTPUT
4042,MSI_RUNESYSTEM_RUNESET_TITLE
4043,MSI_RUNESYSTEM_RUNE_TITLE
4044,MSI_RUNESYSTEM_RUNE_UPGRADEPER
4045,MSI_RUNESYSTEM_RUNE_FAILDESC
4046,MSI_RUNESYSTEM_RUNE_UPGRADEMAXDESC
4047,MSI_RUNESYSTEM_RUNE_UNACTIVEDESC
4048,MSI_RUNESYSTEM_RUNE_RUNE_NULL
4049,MSI_RUNESYSTEM_RUNESET_DESC
4050,MSI_RUNESYSTEM_TITLE
4051,MSI_RUNESYSTEM_EQUIP_NOT
4052,MSI_RUNESYSTEM_EQUIP_PUTERR
4053,MSI_ADVENTURE_GUIDE
4054,MSI_RUNESYSTEM_DURING_CANNOT_OPEN_RODEX
4055,MSI_RUNESYSTEM_DURING_CANNOT_OPEN_BANKING
4056,MSI_RUNESYSTEM_CLOSE_RODEX
4057,MSI_RUNESYSTEM_CLOSE_BANKING
4058,MSI_NOTIFY_JOIN_GUILD_ACCEPT_WND
4059,MSI_NOTIFY_ALLY_GUILD_ACCEPT_WND
4060,MSI_NOTIFY_JOIN_FRIEND_ACCEPT_WND
4061,MSI_NOTIFY_JOIN_PARTY_ACCEPT_WND
4062,MSI_NOTIFY_EXCHANGE_ACCEPT_WND
4063,MSI_WARNING
4064,MSI_RUNESYSTEM_FAILED_ITEMCREATE
4065,MSI_TITLE_QUEST_BOARD_LIST
4066,MSI_TITLE_QUEST_BOARD_INFO
4067,MSI_MACRO_USER_REPORT
4068,MSI_MACRO_USER_REPORT_COUNTLIMIT
4069,MSI_MACRO_USER_REPORT_SUCCESS
4070,MSI_MACRO_USER_REPORT_COOLTIME
4071,MSI_MACRO_USER_REPORT_EFST_ACTIVATED
4072,MSI_MACRO_USER_REPORT_PENALTY_COUNTMAX
4073,MSI_MACRO_USER_REPORT_REPORTED
4074,MSI_DECOM_NUM
4075,MSI_DECOM_FAIL
4076,MSI_DECOM_CANNOT_FIND_ITEM
4077,MSI_DECOM_NOT_ENOUGH_INVENTORY
4078,MSI_DECOM_HEAVY_INVENTORY
4079,MSI_DECOM_OVER_ITEM_COUNT
4080,MSI_DECOM_RUNE_UI_NOT_OPENED
4081,MSI_DECOM_TABLE_NOT_EXIT
4082,MSI_DECOM_NOT_ENOUGH_ITEM_COUNT
4083,MSI_RESET_CASH_EMOTION_INFO
4084,MSI_RUNESYSTEM_ALREADY_EXIST
4085,MSI_RUNESYSTEM_NOT_EXIST
4086,MSI_RUNESYSTEM_LACK_OF_ITEM
4087,MSI_RUNESYSTEM_ALREADY_EQUIPED
4088,MSI_RUNESYSTEM_NOTHING_EQUIPED
4089,MSI_RUNESYSTEM_INVALID_ID
4090,MSI_RUNESYSTEM_MAX_LEVEL
4091,MSI_RUNESYSTEM_INVALID_OWNER
4092,MSI_RUNESYSTEM_TABLE_NOT_EXIT
4093,MSI_RUNESYSTEM_DB_LOAD_NOT_YET
4094,MSI_RUNESYSTEM_INVALID_TABLE_DATA
4095,MSI_RUNESYSTEM_RUNE_UI_NOT_OPENED
4096,MSI_MACRO_USER_REPORT_NOT_USE_AREA
4097,MSI_GRAPHIC_SETTING_RENDER_SYSTEM
4098,MSI_PAY_CONFIRM_BY_ITEM
4099,MSI_ENCHANT_MARK_1
4100,MSI_ENCHANT_MARK_2
4101,MSI_ENCHANT_MARK_3
4102,MSI_ENCHANT_MARK_4
4103,MSI_VIEW_COSTUME
4104,MSI_SHORTCUT_SKILL_TOOLTIP_SP_PERCENT
4105,MSI_SHORTCUT_SKILL_TOOLTIP_SP_VALUE
4106,MSI_SHORTCUT_SKILL_TOOLTIP_SP_PERCENT_AP_VALUE
4107,MSI_SHORTCUT_SKILL_TOOLTIP_SP_VALUE_AP_VALUE
4108,MIS_SHORTCUT_SKILL_TOOLTIP_HOTKEY_SP_PERCENT
4109,MSI_SHORTCUT_SKILL_TOOLTIP_HOTKEY_SP_VALUE
4110,MSI_SHORTCUT_SKILL_TOOLTIP_HOTKEY_SP_PERCENT_AP_VALUE
4111,MSI_SHORTCUT_SKILL_TOOLTIP_HOTKEY_SP_VALUE_AP_VALUE
4112,MSI_QUESTINFOWND_QUEST_TITLE
4113,MSI_SHOW_FOOTPRINT_EFFECT
4114,MSI_NO_SEARCH_RESULTS
4115,MSI_CHECK_PROBABILITY
4116,MSI_REFINING_BLACKSMITH_BlESSING_MSG1
4117,MSI_REFINING_BLACKSMITH_BlESSING_MSG2
4118,MSI_REFINING_BLACKSMITH_BlESSING_MSG3
4119,MSI_PROBABILITY_TITLE
4120,MSI_COMPONENT_SEARCH
4121,MSI_PROBABILITY
4122,MSI_ITEM_HIRE_HOUR
4123,MSI_REFINING_PROBABILITY_URL
4124,MSI_GRADE_ENCHANT_PROBABILITY_URL
4125,MSI_SELLINGSLOT_SUCCESS
4126,MSI_SELLINGSLOT_ERROR_SYSTEM
4127,MSI_SELLINGSLOT_ERROR_MAXSLOT
4128,MSI_ETC_PROBABILITY_URL
4129,MSI_ETC_PROBABILITY_WEB_CONNECT
4130,MSI_GENDER_CHANGE_FAILED_CAUSE_JOB
4131,MSI_GENDER_CHANGE_FAILED_CAUSE_GROUP
4132,MSI_GENDER_CHANGE_FAILED_CAUSE_MARRIED
4133,MSI_GENDER_CHANGE_FAILED_CAUSE_MONSTER_TRANSFORM
4134,MSI_GENDER_CHANGE_MESSAGE_CONFIRM
4135,MSI_GENDER_CHANGE_MESSAGE_OK
4136,MSI_GENDER_CHANGE_MESSAGE_CANCEL
4137,MSI_GENDER_CHANGE_MESSAGE_COMPLETE
4138,MSI_MACRO_CHECKER_MAP_NOT_GM
4139,MSI_MACRO_CHECKER_MAP_BANNED_MAP
4140,MSI_MACRO_CHECKER_MAP_IS_COOLTIME
4141,MSI_MACRO_CHECKER_MAP_SUCCESS
4142,MSI_GAME_SETTINGS_TAB_BASIC
4143,MSI_GAME_SETTINGS_TAB_EFFECT
4144,MSI_GAME_SETTINGS_TAB_CONTROL
4145,MSI_GAME_SETTINGS_TAB_GRAPHICS
4146,MSI_GAME_SETTINGS_EMBLEM_FRAME
4147,MSI_GAME_SETTINGS_ON
4148,MSI_GAME_SETTINGS_OFF
4149,MSI_GAME_SETTINGS_SHOW
4150,MSI_GAME_SETTINGS_HIDE
4151,MSI_GAME_SETTINGS_RODEX_SPAM_ON
4152,MSI_GAME_SETTINGS_RODEX_SPAM_OFF
4153,MSI_GAME_SETTINGS_PROCESS_PRIORITY
4154,MSI_GAME_SETTINGS_PROCESS_PRIORITY_HIGH
4155,MSI_GAME_SETTINGS_PROCESS_PRIORITY_HIGH_TOOLTIP
4156,MSI_GAME_SETTINGS_PROCESS_PRIORITY_NORMAL
4157,MSI_GAME_SETTINGS_PROCESS_PRIORITY_NORMAL_TOOLTIP
4158,MSI_GAME_SETTINGS_PROCESS_PRIORITY_IDLE
4159,MSI_GAME_SETTINGS_PROCESS_PRIORITY_IDLE_TOOLTIP
4160,MSI_GAME_SETTINGS_AURA
4161,MSI_GAME_SETTINGS_SIMPLE_AURA
4162,MSI_GAME_SETTINGS_SIMPLE_AURA_OFF
4163,MSI_GAME_SETTINGS_SIMPLE_AURA_ON
4164,MSI_GAME_SETTINGS_DAMAGE_EXPAND
4165,MSI_GAME_SETTINGS_DAMAGE_EXPAND_ON
4166,MSI_GAME_SETTINGS_DAMAGE_EXPAND_OFF
4167,MSI_GAME_SETTINGS_MAP_NAME
4168,MSI_GAME_SETTINGS_MAP_NAME_ON
4169,MSI_GAME_SETTINGS_MAP_NAME_OFF
4170,MSI_GAME_SETTINGS_FOG
4171,MSI_GAME_SETTINGS_FOOTPRINT_EFFECT
4172,MSI_GAME_SETTINGS_FOOTPRINT_EFFECT_ALL
4173,MSI_GAME_SETTINGS_SNAP
4174,MSI_GAME_SETTINGS_SNAP_ATTACK
4175,MSI_GAME_SETTINGS_SNAP_SKILL
4176,MSI_GAME_SETTINGS_SNAP_ITEM
4177,MSI_GAME_SETTINGS_NO_CTRL
4178,MSI_GAME_SETTINGS_NO_CTRL_TEXT
4179,MSI_GAME_SETTINGS_NO_SHIFT
4180,MSI_GAME_SETTINGS_NO_SHIFT_TEXT
4181,MSI_GAME_SETTINGS_ZOOM_OUT_TEXT
4182,MSI_GAME_SETTINGS_MOUSE_EXCLUSIVE_TEXT
4183,MSI_GAME_SETTINGS_SCREEN_MODE
4184,MSI_GAME_SETTINGS_FULLSCREEN_MODE
4185,MSI_GAME_SETTINGS_WINDOW_MODE
4186,MSI_GAME_SETTINGS_TRILINEAR
4187,MSI_MACRO_CHECKER_MAP_NOT_PROPER_MAP
4188,MSI_TAREN_TRWSDK_FILTER_SENSITIVEWORDS_ERROR
4189,MSI_TAREN_TRWSDK_FILTER_NO_SEND_BECAUSE_SENSITIVEWORDS_ERROR
4190,MSI_REFUSE_SDK_AUTH_FAILED
4191,MSI_CHECK_CHAR_DELETE_TEXT
4192,MSI_BAN_BLOCK_CHARCTER_SERVER_SECOND_PASSWORD_BR
4193,MSI_USESKILL_FAIL_NEED_SHOTGUN_OR_GATLING_OR_GRANADE
4194,MSI_TIPTAG_FOCUS_WARNING
4195,MSI_NAVIGATION_NOT_SEARCH_INMAP_MSG
4196,MSI_ERRORPOPUP_TITLE
4197,MSI_ERRORPOPUP_DETAIL
4198,MSI_NAVIGATION_RS_REFAILTARGETROUTE
4199,MSI_RUNESYSTEM_REWARD_NOTMET
4200,MSI_RUNESYSTEM_REWARD_COMPLETE
4201,MSI_RUNESYSTEM_REWARD_EMPTY
4202,MSI_RUNESYSTEM_REWARD_FAIL
4203,MSI_RUNESYSTEM_REWARD_TITLE
4204,MSI_STORE_PASSWORD_ONOFF_MSG
4205,MSI_CASHSHOP_PASSWORD_ONOFF_MSG
4206,MSI_SECOND_PASSWORD_ONOFF_TIP_MSG
4207,MSI_REMOVE_HEAD_COLOR
4208,MSI_GENDER_CHANGE_FAILED_CAUSE_RIDING
4209,MSI_USE_ITEM_FAILED
4210,MSI_RUNESYSTEM_REWARD_CANNOT_FIND_ITEM
4211,MSI_RUNESYSTEM_REWARD_MAX_INVENTORY
4212,MSI_RUNESYSTEM_REWARD_HEAVY_INVENTORY
4213,MSI_RUNESYSTEM_REWARD_OVER_ITEM_COUNT
4214,MSI_RUNESYSTEM_REWARD_RUNE_UI_NOT_OPENED
4215,MSI_RUNESYSTEM_REWARD_TABLE_NOT_EXIT
4216,MSI_ACCOUNT_LIMITED_TOOL_RESULT_OVERSEA
4217,MSI_ACCOUNT_LIMITED_SALE_ITEM_START_DATE_OVERSEA
4218,MSI_ACCOUNT_LIMITED_SALE_ITEM_NEXT_NEWDATE_OVERSEA
4219,MSI_ACCOUNT_LIMITED_REFRESH_COOLTIME
4220,MSI_SIMPLE_CURRENCY
4221,MSI_GAME_SETTINGS_LOGINOUT
4222,MSI_GAME_SETTINGS_TAB_ETC
4223,MSI_GAME_SETTINGS_FOG_ON
4224,MSI_GAME_SETTINGS_FOG_OFF
4225,MSI_GAME_SETTINGS_EMBLEM_ON
4226,MSI_GAME_SETTINGS_EMBLEM_OFF
4227,MSI_OPTIMAL_ROUTE
4228,MSI_AUTO_CHANGE_SIMPLE_UI
4229,MSI_SIMPLE_NAVIGATION
4230,MSI_AMENITIES_SHOW_HIDE
4231,MSI_EXPANSION_MINIMAP
4232,MSI_OPTION_ESC
4233,MSI_SELECT_QUEST
4234,MSI_UI_SOUND
4235,MSI_UI_SOUND_ON
4236,MSI_UI_SOUND_OFF
4237,MSI_ALREADY_SOUND_OFF
4238,MSI_EXPLAIN_UI_SOUND
4239,MSI_RUNESYSTEM_RUNETITLE
4240,MSI_MEMORIAL_DUN_DESTROY_EXPECTED
4241,MSI_CANNOT_MOVE_INDOOR_MAP
4242,MSI_CANNOT_RECEIVE_WEBMALL_RODEX
4243,MSI_UI_SAVE
4244,MSI_UI_INDIVIDUAL_REGISTRATION
4245,MSI_UI_PARTY_REGISTRATION
4246,MSI_UI_GUILD_REGISTRATION
4247,MSI_UI_CHANGENAME_NOTI
4248,MSI_UI_EXCHANGE
4249,MSI_UI_GUILDINFO_EDIT
4250,MSI_DAMAGED_LARM
4251,MSI_DAMAGED_RARM
4252,MSI_UI_MERCHANTITEM_PURCHASE_BUY
4253,MSI_UI_MERCHANTITEM_PURCHASE_SELL
4254,MSI_SKILL_DELAY_INFO
4255,MSI_SKILL_DELAY_INFO_CAST_FIXED
4256,MSI_SKILL_DELAY_INFO_CAST_STAT
4257,MSI_SKILL_DELAY_INFO_GLOBAL_POST
4258,MSI_SKILL_DELAY_INFO_SINGLE_POST
4259,MSI_SKILL_DELAY_INFO_CAST_SPECIAL
4260,MSI_SKILL_DELAY_INFO_TIME
4261,MSI_UI_REWARD_REQUEST
4262,MSI_UI_EMOTION_VIEW
4263,MSI_EQUIPMENT_PROPERTIES_TAB0
4264,MSI_EQUIPMENT_PROPERTIES_TAB1
4265,MSI_EQUIPMENT_PROPERTIES_TAB2
4266,MSI_EQUIPMENT_PROPERTIES_TAB3
4267,MSI_EQUIPMENT_PROPERTIES_TAB4
4268,MSI_EQUIPMENT_PROPERTIES_TAB5
4269,MSI_EQUIPMENT_PROPERTIES_TAB6
4270,MSI_EQUIPMENT_PROPERTIES_TAB7
4271,MSI_UI_SELECT_CHARACTER
4272,MSI_UI_GAMEQUIT
4273,MSI_UI_CONTINUE_GAME
4274,MSI_UI_REBIRTH
4275,MSI_UI_RETURN_TO_SAVEPOINT
4276,MSI_UI_FIRED
4277,MSI_UI_SKILL
4278,MSI_UI_USE
4279,MSI_UI_SEARCH
4280,MSI_UI_NAME
4281,MSI_FREE_POINT_CURRENCY
4282,MSI_QUESTUI_TAB_WAITING
4283,MSI_UI_STR
4284,MSI_UI_AGI
4285,MSI_UI_VIT
4286,MSI_UI_INT
4287,MSI_UI_DEX
4288,MSI_UI_LUK
4289,MSI_UI_ATK
4290,MSI_UI_MATK
4291,MSI_UI_HIT
4292,MSI_UI_CRITICAL
4293,MSI_UI_DEF
4294,MSI_UI_MDEF
4295,MSI_UI_FLEE
4296,MSI_UI_ASPD
4297,MSI_UI_STATUS_POINT
4298,MSI_UI_GUILD
4299,MSI_DAMAGED_HEAD
4300,MSI_UI_WEIGHT
4301,MSI_SELECT_LANGUAGE
4302,MSI_UI_TIP
4303,MSI_SKILL_DELAY_INFO_CASTING
4304,MSI_SKILL_DELAY_INFO_COOLTIME
4305,MSI_SKILL_DELAY_INFO_LEVEL
4306,MSI_STYLING_SHOP_RODEX_TITLE
4307,MSI_AGREE
4308,MSI_DISAGREE
4309,MSI_BTN_EXIT
4310,MSI_REPLAY
4311,MSI_NAME_UPPER
4312,MSI_LOCK_UPPER
4313,MSI_NAVI_SHARE
4314,MSI_NAVI_FIND
4315,MSI_NAVI_MOVE
4316,MSI_ROOM_TITLE
4317,MSI_ROOM_LIMIT
4318,MSI_ROOM_TYPE
4319,MSI_ROOM_RESTRICT
4320,MSI_ROOM_PASSWORD
4321,MSI_LOGIN_ENTRY_QUEUE_NOTICE
4322,MSI_LOGIN_ENTRY_QUEUE_POS
4323,MSI_LOGIN_ENTRY_QUEUE_CANCEL_WARNING
4324,MSI_STORE_ASSISTANT_MAX_WEIGHT
4325,MSI_STORE_PASSWORD_CHANGE
4326,MSI_DEBUFF_REMOVE
4327,MSI_PENALTY_MAKE_PARTY
4328,MSI_PENALTY_DEBUFF_REMOVE_NPC_ON
4329,MSI_SKILL_DELAY_FLAG_DISABLE_FIXEDCASTING_REDUCTION
4330,MSI_SKILL_DELAY_FLAG_NOREDUCT
4331,MSI_REFINING_FAIL_ITEM_SAFE
4332,MSI_DATE_MM_DD_OVERSEA
4333,MSI_DATE_HH_MM_SS_OVERSEA
4334,MSI_STAND_BY_CANCEL
4335,MSI_SKILL_DELAY_INFO_SO_EL_ACTION
4336,MSI_RESTRICTED
4337,MSI_RESTRICTED_CREATION_CHARACTER
4338,MSI_UNUSED
4339,MSI_ERASE_PROHIBIT_UNUSED
4340,MSI_ERASE_PROHIBIT_SUCCEED
4341,MSI_ERASE_PROHIBIT_FAILED
4342,MSI_PROHIBIT_TIME_LOG
4343,MSI_CHARACTER_NAME_RESERVATION
4344,MSI_PET_DISAPPEAR
4345,MSI_MACRO_REPORT_1
4346,MSI_MACRO_REPORT_2
4347,MSI_MACRO_REPORT_3
4348,MSI_MACRO_REPORT_4
4349,MSI_MACRO_REPORT_5
4350,MSI_MACRO_REPORT_6
4351,MSI_RESTRICTED_ENTER
4352,MSI_INVALID_EMAIL_FORMAT
4353,MSI_NO_PET_IS_AVAILABLE_TO_TRANSFORM
4354,MSI_PET_IS_CURRENTLY_TRANSFORMED
